КодЗаказа,КодТовара,Цена,Количество,Скидка
10248,11,140.0000,23,2.99999993e-02
10248,40,35.3000,1,0.00000000e+00
10248,42,98.0000,10,0.00000000e+00
10248,61,345.0000,4,5.00000007e-02
10248,72,348.0000,5,0.00000000e+00
10249,6,186.0000,9,0.00000000e+00
10249,51,424.0000,40,0.00000000e+00
10250,41,77.0000,10,0.00000000e+00
10250,65,168.0000,15,1.50000006e-01
10250,70,135.0000,35,1.50000006e-01
10251,22,168.0000,6,5.00000007e-02
10251,57,156.0000,15,5.00000007e-02
10251,65,168.0000,20,0.00000000e+00
10252,20,648.0000,40,5.00000007e-02
10252,33,20.0000,25,5.00000007e-02
10252,60,272.0000,40,0.00000000e+00
10253,31,100.0000,20,0.00000000e+00
10253,39,144.0000,42,0.00000000e+00
10253,49,160.0000,40,0.00000000e+00
10254,24,36.0000,15,1.50000006e-01
10254,55,192.0000,21,1.50000006e-01
10254,74,80.0000,21,0.00000000e+00
10255,2,152.0000,20,0.00000000e+00
10255,16,139.0000,35,0.00000000e+00
10255,36,152.0000,25,0.00000000e+00
10255,59,440.0000,30,0.00000000e+00
10256,53,262.0000,15,0.00000000e+00
10256,77,104.0000,12,0.00000000e+00
10257,27,351.0000,25,0.00000000e+00
10257,39,144.0000,6,0.00000000e+00
10257,77,104.0000,15,0.00000000e+00
10258,2,152.0000,50,2.00000003e-01
10258,5,170.0000,65,2.00000003e-01
10258,32,256.0000,6,2.00000003e-01
10259,21,80.0000,10,0.00000000e+00
10259,37,208.0000,1,0.00000000e+00
10260,41,77.0000,16,2.50000000e-01
10260,57,156.0000,50,0.00000000e+00
10260,62,394.0000,15,2.50000000e-01
10260,70,120.0000,21,2.50000000e-01
10261,21,80.0000,20,0.00000000e+00
10261,35,144.0000,20,0.00000000e+00
10262,5,170.0000,12,2.00000003e-01
10262,7,240.0000,15,0.00000000e+00
10262,56,304.0000,2,0.00000000e+00
10263,2,785.2500,28,0.00000000e+00
10263,16,1165.0500,60,2.50000000e-01
10263,21,630.0000,60,2.50000000e-01
10263,58,877.5000,36,2.50000000e-01
10264,2,152.0000,35,0.00000000e+00
10264,41,77.0000,25,1.50000006e-01
10265,17,312.0000,30,0.00000000e+00
10265,70,120.0000,20,0.00000000e+00
10266,12,304.0000,12,5.00000007e-02
10267,40,147.0000,50,0.00000000e+00
10267,59,440.0000,70,1.50000006e-01
10267,76,144.0000,15,1.50000006e-01
10268,29,990.0000,10,0.00000000e+00
10268,72,278.0000,4,0.00000000e+00
10269,33,20.0000,60,5.00000007e-02
10269,72,278.0000,20,5.00000007e-02
10270,36,152.0000,30,0.00000000e+00
10270,43,368.0000,25,0.00000000e+00
10271,33,20.0000,24,0.00000000e+00
10272,20,648.0000,6,0.00000000e+00
10272,31,100.0000,40,0.00000000e+00
10272,72,278.0000,24,0.00000000e+00
10273,10,248.0000,24,5.00000007e-02
10273,31,100.0000,15,5.00000007e-02
10273,33,20.0000,20,0.00000000e+00
10273,40,147.0000,60,5.00000007e-02
10273,76,144.0000,33,5.00000007e-02
10274,71,172.0000,20,0.00000000e+00
10274,72,278.0000,7,0.00000000e+00
10275,24,36.0000,12,5.00000007e-02
10275,59,440.0000,6,5.00000007e-02
10276,10,248.0000,15,0.00000000e+00
10276,13,48.0000,10,0.00000000e+00
10277,28,364.0000,20,0.00000000e+00
10277,62,394.0000,12,0.00000000e+00
10278,40,0.0000,1,0.00000000e+00
10278,44,155.0000,16,0.00000000e+00
10278,59,440.0000,15,0.00000000e+00
10278,63,351.0000,8,0.00000000e+00
10278,65,0.0000,1,0.00000000e+00
10278,66,0.0000,1,0.00000000e+00
10278,73,120.0000,25,0.00000000e+00
10279,17,312.0000,15,2.50000000e-01
10280,24,36.0000,12,0.00000000e+00
10280,55,192.0000,20,0.00000000e+00
10280,75,62.0000,30,0.00000000e+00
10281,19,73.0000,1,0.00000000e+00
10281,24,36.0000,6,0.00000000e+00
10281,35,144.0000,4,0.00000000e+00
10282,30,207.0000,6,0.00000000e+00
10282,57,156.0000,2,0.00000000e+00
10283,15,124.0000,20,0.00000000e+00
10283,19,73.0000,18,0.00000000e+00
10283,60,272.0000,35,0.00000000e+00
10283,72,278.0000,3,0.00000000e+00
10284,27,351.0000,15,2.50000000e-01
10284,44,155.0000,21,0.00000000e+00
10284,60,272.0000,20,2.50000000e-01
10284,67,112.0000,5,2.50000000e-01
10285,1,144.0000,45,2.00000003e-01
10285,40,147.0000,40,2.00000003e-01
10285,53,262.0000,36,2.00000003e-01
10286,35,144.0000,100,0.00000000e+00
10286,62,394.0000,40,0.00000000e+00
10287,16,139.0000,40,1.50000006e-01
10287,34,112.0000,20,0.00000000e+00
10287,46,96.0000,15,1.50000006e-01
10288,54,59.0000,10,1.00000001e-01
10288,68,100.0000,3,1.00000001e-01
10289,3,80.0000,30,0.00000000e+00
10289,64,266.0000,9,0.00000000e+00
10290,5,170.0000,20,0.00000000e+00
10290,29,990.0000,15,0.00000000e+00
10290,49,160.0000,15,0.00000000e+00
10290,77,104.0000,10,0.00000000e+00
10291,13,48.0000,20,1.00000001e-01
10291,44,155.0000,24,1.00000001e-01
10291,51,424.0000,2,1.00000001e-01
10292,20,648.0000,20,0.00000000e+00
10293,18,500.0000,12,0.00000000e+00
10293,24,36.0000,10,0.00000000e+00
10293,63,351.0000,5,0.00000000e+00
10293,75,62.0000,6,0.00000000e+00
10294,1,144.0000,18,0.00000000e+00
10294,17,312.0000,15,0.00000000e+00
10294,43,368.0000,15,0.00000000e+00
10294,60,272.0000,21,0.00000000e+00
10294,75,62.0000,6,0.00000000e+00
10295,56,304.0000,4,0.00000000e+00
10296,11,168.0000,12,0.00000000e+00
10296,16,139.0000,30,0.00000000e+00
10296,69,288.0000,15,0.00000000e+00
10297,39,144.0000,60,0.00000000e+00
10297,72,278.0000,20,0.00000000e+00
10298,2,152.0000,40,0.00000000e+00
10298,36,152.0000,40,2.50000000e-01
10298,59,440.0000,30,2.50000000e-01
10298,62,394.0000,15,0.00000000e+00
10299,19,73.0000,15,0.00000000e+00
10299,70,120.0000,20,0.00000000e+00
10300,66,136.0000,30,0.00000000e+00
10300,68,100.0000,20,0.00000000e+00
10301,40,147.0000,10,0.00000000e+00
10301,56,304.0000,20,0.00000000e+00
10302,17,312.0000,40,0.00000000e+00
10302,28,364.0000,28,0.00000000e+00
10302,43,368.0000,12,0.00000000e+00
10303,40,147.0000,40,1.00000001e-01
10303,65,168.0000,30,1.00000001e-01
10303,68,100.0000,15,1.00000001e-01
10304,49,160.0000,30,0.00000000e+00
10304,59,440.0000,10,0.00000000e+00
10304,71,172.0000,2,0.00000000e+00
10305,18,500.0000,25,1.00000001e-01
10305,29,990.0000,25,1.00000001e-01
10305,39,144.0000,30,1.00000001e-01
10306,30,207.0000,10,0.00000000e+00
10306,53,262.0000,10,0.00000000e+00
10306,54,59.0000,5,0.00000000e+00
10307,62,394.0000,10,0.00000000e+00
10307,68,100.0000,3,0.00000000e+00
10308,3,345.3000,1,0.00000000e+00
10308,4,534.5000,1,0.00000000e+00
10308,66,55.3000,1,0.00000000e+00
10308,69,288.0000,1,0.00000000e+00
10308,70,120.0000,5,0.00000000e+00
10309,4,176.0000,20,0.00000000e+00
10309,6,200.0000,30,0.00000000e+00
10309,42,112.0000,2,0.00000000e+00
10309,43,368.0000,20,0.00000000e+00
10309,71,172.0000,3,0.00000000e+00
10310,16,139.0000,10,0.00000000e+00
10310,62,394.0000,5,0.00000000e+00
10311,42,112.0000,6,0.00000000e+00
10311,69,288.0000,7,0.00000000e+00
10312,28,364.0000,4,0.00000000e+00
10312,43,368.0000,24,0.00000000e+00
10312,53,262.0000,20,0.00000000e+00
10312,75,62.0000,10,0.00000000e+00
10313,36,152.0000,12,0.00000000e+00
10314,32,256.0000,40,1.00000001e-01
10314,58,106.0000,30,1.00000001e-01
10314,62,394.0000,25,1.00000001e-01
10315,34,112.0000,14,0.00000000e+00
10315,70,120.0000,30,0.00000000e+00
10316,41,77.0000,10,0.00000000e+00
10316,62,394.0000,70,0.00000000e+00
10317,1,144.0000,20,0.00000000e+00
10318,41,77.0000,20,0.00000000e+00
10318,76,144.0000,6,0.00000000e+00
10319,17,312.0000,8,0.00000000e+00
10319,28,364.0000,14,0.00000000e+00
10319,76,144.0000,30,0.00000000e+00
10320,71,172.0000,30,0.00000000e+00
10321,35,144.0000,10,0.00000000e+00
10322,52,56.0000,20,0.00000000e+00
10323,15,124.0000,5,0.00000000e+00
10323,25,112.0000,4,0.00000000e+00
10323,39,144.0000,4,0.00000000e+00
10324,16,139.0000,21,1.50000006e-01
10324,35,144.0000,70,1.50000006e-01
10324,46,96.0000,30,0.00000000e+00
10324,59,440.0000,40,1.50000006e-01
10324,63,351.0000,80,1.50000006e-01
10325,6,200.0000,6,0.00000000e+00
10325,13,48.0000,12,0.00000000e+00
10325,14,186.0000,9,0.00000000e+00
10325,31,100.0000,4,0.00000000e+00
10325,72,278.0000,40,0.00000000e+00
10326,4,176.0000,24,0.00000000e+00
10326,57,156.0000,16,0.00000000e+00
10326,75,62.0000,50,0.00000000e+00
10327,2,152.0000,25,2.00000003e-01
10327,11,168.0000,50,2.00000003e-01
10327,30,207.0000,35,2.00000003e-01
10327,58,106.0000,30,2.00000003e-01
10328,59,440.0000,9,0.00000000e+00
10328,65,168.0000,40,0.00000000e+00
10328,68,100.0000,10,0.00000000e+00
10329,19,73.0000,10,5.00000007e-02
10329,30,207.0000,8,5.00000007e-02
10329,38,2108.0000,20,5.00000007e-02
10329,56,304.0000,12,5.00000007e-02
10330,26,249.0000,50,1.50000006e-01
10330,72,278.0000,25,1.50000006e-01
10331,54,59.0000,15,0.00000000e+00
10332,18,500.0000,40,2.00000003e-01
10332,42,112.0000,10,2.00000003e-01
10332,47,76.0000,16,2.00000003e-01
10333,14,186.0000,10,0.00000000e+00
10333,21,80.0000,10,1.00000001e-01
10333,71,172.0000,40,1.00000001e-01
10334,52,56.0000,8,0.00000000e+00
10334,68,100.0000,10,0.00000000e+00
10335,2,152.0000,7,2.00000003e-01
10335,31,100.0000,25,2.00000003e-01
10335,32,256.0000,6,2.00000003e-01
10335,51,424.0000,48,2.00000003e-01
10336,4,176.0000,18,1.00000001e-01
10337,23,72.0000,40,0.00000000e+00
10337,26,249.0000,24,0.00000000e+00
10337,36,152.0000,20,0.00000000e+00
10337,37,208.0000,28,0.00000000e+00
10337,72,278.0000,25,0.00000000e+00
10338,17,312.0000,20,0.00000000e+00
10338,30,207.0000,15,0.00000000e+00
10339,4,176.0000,10,0.00000000e+00
10339,17,312.0000,70,5.00000007e-02
10339,62,394.0000,28,0.00000000e+00
10340,18,500.0000,20,5.00000007e-02
10340,41,77.0000,12,5.00000007e-02
10340,43,368.0000,40,5.00000007e-02
10341,33,20.0000,8,0.00000000e+00
10341,59,440.0000,9,1.50000006e-01
10342,2,152.0000,24,2.00000003e-01
10342,31,100.0000,56,2.00000003e-01
10342,36,152.0000,40,2.00000003e-01
10342,55,192.0000,40,2.00000003e-01
10343,64,266.0000,50,0.00000000e+00
10343,68,100.0000,4,5.00000007e-02
10343,76,144.0000,15,0.00000000e+00
10344,4,176.0000,35,0.00000000e+00
10344,8,320.0000,70,2.50000000e-01
10345,8,320.0000,70,0.00000000e+00
10345,19,73.0000,80,0.00000000e+00
10345,42,112.0000,9,0.00000000e+00
10346,17,312.0000,36,1.00000001e-01
10346,56,304.0000,20,0.00000000e+00
10347,25,112.0000,10,0.00000000e+00
10347,39,144.0000,50,1.50000006e-01
10347,40,147.0000,4,0.00000000e+00
10347,75,62.0000,6,1.50000006e-01
10348,1,144.0000,15,1.50000006e-01
10348,23,72.0000,25,0.00000000e+00
10349,54,59.0000,24,0.00000000e+00
10350,50,130.0000,15,1.00000001e-01
10350,69,288.0000,18,1.00000001e-01
10351,38,2108.0000,20,5.00000007e-02
10351,41,77.0000,13,0.00000000e+00
10351,44,155.0000,77,5.00000007e-02
10351,65,168.0000,10,5.00000007e-02
10352,24,36.0000,10,0.00000000e+00
10352,54,59.0000,20,1.50000006e-01
10353,11,168.0000,12,2.00000003e-01
10353,38,2108.0000,50,2.00000003e-01
10354,1,144.0000,12,0.00000000e+00
10354,29,990.0000,4,0.00000000e+00
10355,24,36.0000,25,0.00000000e+00
10355,57,156.0000,25,0.00000000e+00
10356,31,100.0000,30,0.00000000e+00
10356,55,192.0000,12,0.00000000e+00
10356,69,288.0000,20,0.00000000e+00
10357,10,248.0000,30,2.00000003e-01
10357,26,249.0000,16,0.00000000e+00
10357,60,272.0000,8,2.00000003e-01
10358,24,36.0000,10,5.00000007e-02
10358,34,112.0000,10,5.00000007e-02
10358,36,152.0000,20,5.00000007e-02
10359,16,139.0000,56,5.00000007e-02
10359,31,100.0000,70,5.00000007e-02
10359,60,272.0000,80,5.00000007e-02
10360,28,364.0000,30,0.00000000e+00
10360,29,990.0000,35,0.00000000e+00
10360,38,2108.0000,10,0.00000000e+00
10360,49,160.0000,35,0.00000000e+00
10360,54,59.0000,28,0.00000000e+00
10361,39,144.0000,54,1.00000001e-01
10361,60,272.0000,55,1.00000001e-01
10362,25,112.0000,50,0.00000000e+00
10362,51,424.0000,20,0.00000000e+00
10362,54,59.0000,24,0.00000000e+00
10363,31,100.0000,20,0.00000000e+00
10363,75,62.0000,12,0.00000000e+00
10363,76,144.0000,12,0.00000000e+00
10364,69,288.0000,30,0.00000000e+00
10364,71,172.0000,5,0.00000000e+00
10365,11,168.0000,24,0.00000000e+00
10366,65,168.0000,5,0.00000000e+00
10366,77,104.0000,5,0.00000000e+00
10367,34,112.0000,36,0.00000000e+00
10367,54,59.0000,18,0.00000000e+00
10367,65,168.0000,15,0.00000000e+00
10367,77,104.0000,7,0.00000000e+00
10368,21,80.0000,5,1.00000001e-01
10368,28,364.0000,13,1.00000001e-01
10368,57,156.0000,25,0.00000000e+00
10368,64,266.0000,35,1.00000001e-01
10369,29,990.0000,20,0.00000000e+00
10369,56,304.0000,18,2.50000000e-01
10370,1,144.0000,15,1.50000006e-01
10370,64,266.0000,30,0.00000000e+00
10370,74,80.0000,20,1.50000006e-01
10371,36,152.0000,6,2.00000003e-01
10372,20,648.0000,12,2.50000000e-01
10372,38,2108.0000,40,2.50000000e-01
10372,60,272.0000,70,2.50000000e-01
10372,72,278.0000,42,2.50000000e-01
10373,58,106.0000,80,2.00000003e-01
10373,71,172.0000,50,2.00000003e-01
10374,31,100.0000,30,0.00000000e+00
10374,58,106.0000,15,0.00000000e+00
10375,14,186.0000,15,0.00000000e+00
10375,54,59.0000,10,0.00000000e+00
10376,31,100.0000,42,5.00000007e-02
10377,28,364.0000,20,1.50000006e-01
10377,39,144.0000,20,1.50000006e-01
10378,71,172.0000,6,0.00000000e+00
10379,41,77.0000,8,1.00000001e-01
10379,63,351.0000,16,1.00000001e-01
10379,65,168.0000,20,1.00000001e-01
10380,30,207.0000,18,1.00000001e-01
10380,53,262.0000,20,1.00000001e-01
10380,60,272.0000,6,1.00000001e-01
10380,70,120.0000,30,0.00000000e+00
10381,74,80.0000,14,0.00000000e+00
10382,5,170.0000,32,0.00000000e+00
10382,18,500.0000,9,0.00000000e+00
10382,29,990.0000,14,0.00000000e+00
10382,33,20.0000,60,0.00000000e+00
10382,74,80.0000,50,0.00000000e+00
10383,13,48.0000,20,0.00000000e+00
10383,50,130.0000,15,0.00000000e+00
10383,56,304.0000,20,0.00000000e+00
10384,20,648.0000,28,0.00000000e+00
10384,60,272.0000,15,0.00000000e+00
10385,7,240.0000,10,2.00000003e-01
10385,60,272.0000,20,2.00000003e-01
10385,68,100.0000,8,2.00000003e-01
10386,24,36.0000,15,0.00000000e+00
10386,34,112.0000,10,0.00000000e+00
10387,24,36.0000,15,0.00000000e+00
10387,28,364.0000,6,0.00000000e+00
10387,59,440.0000,12,0.00000000e+00
10387,71,172.0000,15,0.00000000e+00
10388,45,76.0000,15,2.00000003e-01
10388,52,56.0000,20,2.00000003e-01
10388,53,262.0000,40,0.00000000e+00
10389,10,248.0000,16,0.00000000e+00
10389,55,192.0000,15,0.00000000e+00
10389,62,394.0000,20,0.00000000e+00
10389,70,120.0000,30,0.00000000e+00
10390,31,100.0000,60,1.00000001e-01
10390,35,144.0000,40,1.00000001e-01
10390,46,96.0000,45,0.00000000e+00
10390,72,278.0000,24,1.00000001e-01
10391,13,48.0000,18,0.00000000e+00
10392,69,288.0000,50,0.00000000e+00
10393,2,152.0000,25,2.50000000e-01
10393,14,186.0000,42,2.50000000e-01
10393,25,112.0000,7,2.50000000e-01
10393,26,249.0000,70,2.50000000e-01
10393,31,100.0000,32,0.00000000e+00
10394,13,48.0000,10,0.00000000e+00
10394,62,394.0000,10,0.00000000e+00
10395,46,96.0000,28,1.00000001e-01
10395,53,262.0000,70,1.00000001e-01
10395,69,288.0000,8,0.00000000e+00
10396,23,72.0000,40,0.00000000e+00
10396,71,172.0000,60,0.00000000e+00
10396,72,278.0000,21,0.00000000e+00
10397,21,80.0000,10,1.50000006e-01
10397,51,424.0000,18,1.50000006e-01
10398,35,144.0000,30,0.00000000e+00
10398,55,192.0000,120,1.00000001e-01
10399,68,100.0000,60,0.00000000e+00
10399,71,172.0000,30,0.00000000e+00
10399,76,144.0000,35,0.00000000e+00
10399,77,104.0000,14,0.00000000e+00
10400,29,990.0000,21,0.00000000e+00
10400,35,144.0000,35,0.00000000e+00
10400,49,160.0000,30,0.00000000e+00
10401,30,207.0000,18,0.00000000e+00
10401,56,304.0000,70,0.00000000e+00
10401,65,168.0000,20,0.00000000e+00
10401,71,172.0000,60,0.00000000e+00
10402,23,72.0000,60,0.00000000e+00
10402,63,351.0000,65,0.00000000e+00
10403,16,139.0000,21,1.50000006e-01
10403,48,102.0000,70,1.50000006e-01
10404,26,249.0000,30,5.00000007e-02
10404,42,112.0000,40,5.00000007e-02
10404,49,160.0000,30,5.00000007e-02
10405,3,80.0000,50,0.00000000e+00
10406,1,144.0000,10,0.00000000e+00
10406,21,80.0000,30,1.00000001e-01
10406,28,364.0000,42,1.00000001e-01
10406,36,152.0000,5,1.00000001e-01
10406,40,147.0000,2,1.00000001e-01
10407,11,168.0000,30,0.00000000e+00
10407,69,288.0000,15,0.00000000e+00
10407,71,172.0000,15,0.00000000e+00
10408,37,208.0000,10,0.00000000e+00
10408,54,59.0000,6,0.00000000e+00
10408,62,394.0000,35,0.00000000e+00
10409,14,186.0000,12,0.00000000e+00
10409,21,80.0000,12,0.00000000e+00
10410,33,20.0000,49,0.00000000e+00
10410,59,440.0000,16,0.00000000e+00
10411,41,77.0000,25,2.00000003e-01
10411,44,155.0000,40,2.00000003e-01
10411,59,440.0000,9,2.00000003e-01
10412,14,186.0000,20,1.00000001e-01
10413,1,144.0000,24,0.00000000e+00
10413,62,394.0000,40,0.00000000e+00
10413,76,144.0000,14,0.00000000e+00
10414,19,73.0000,18,5.00000007e-02
10414,33,20.0000,50,0.00000000e+00
10415,17,312.0000,2,0.00000000e+00
10415,33,20.0000,20,0.00000000e+00
10416,19,73.0000,20,0.00000000e+00
10416,53,262.0000,10,0.00000000e+00
10416,57,156.0000,20,0.00000000e+00
10417,38,2108.0000,50,0.00000000e+00
10417,46,96.0000,2,2.50000000e-01
10417,68,100.0000,36,2.50000000e-01
10417,77,104.0000,35,0.00000000e+00
10418,2,152.0000,60,0.00000000e+00
10418,47,76.0000,55,0.00000000e+00
10418,61,228.0000,16,0.00000000e+00
10418,74,80.0000,15,0.00000000e+00
10419,60,272.0000,60,5.00000007e-02
10419,69,288.0000,20,5.00000007e-02
10420,9,776.0000,20,1.00000001e-01
10420,13,48.0000,2,1.00000001e-01
10420,70,120.0000,8,1.00000001e-01
10420,73,120.0000,20,1.00000001e-01
10421,19,73.0000,4,1.50000006e-01
10421,26,249.0000,30,0.00000000e+00
10421,53,262.0000,15,1.50000006e-01
10421,77,104.0000,10,1.50000006e-01
10422,26,249.0000,2,0.00000000e+00
10423,31,100.0000,14,0.00000000e+00
10423,59,440.0000,20,0.00000000e+00
10424,35,144.0000,60,2.00000003e-01
10424,38,2108.0000,49,2.00000003e-01
10424,68,100.0000,30,2.00000003e-01
10425,55,192.0000,10,2.50000000e-01
10425,76,144.0000,20,2.50000000e-01
10426,56,304.0000,5,0.00000000e+00
10426,64,266.0000,7,0.00000000e+00
10427,14,186.0000,35,0.00000000e+00
10428,46,96.0000,20,0.00000000e+00
10429,50,130.0000,40,0.00000000e+00
10429,63,351.0000,35,2.50000000e-01
10430,17,312.0000,45,2.00000003e-01
10430,21,80.0000,50,0.00000000e+00
10430,56,304.0000,30,0.00000000e+00
10430,59,440.0000,70,2.00000003e-01
10431,17,312.0000,50,2.50000000e-01
10431,40,147.0000,50,2.50000000e-01
10431,47,76.0000,30,2.50000000e-01
10432,26,249.0000,10,0.00000000e+00
10432,54,59.0000,40,0.00000000e+00
10433,56,304.0000,28,0.00000000e+00
10434,11,168.0000,6,0.00000000e+00
10434,76,144.0000,18,1.50000006e-01
10435,2,152.0000,10,0.00000000e+00
10435,22,168.0000,12,0.00000000e+00
10435,72,278.0000,10,0.00000000e+00
10436,46,96.0000,5,0.00000000e+00
10436,56,304.0000,40,1.00000001e-01
10436,64,266.0000,30,1.00000001e-01
10436,75,62.0000,24,1.00000001e-01
10437,53,262.0000,15,0.00000000e+00
10438,19,73.0000,15,2.00000003e-01
10438,34,112.0000,20,2.00000003e-01
10438,57,156.0000,15,2.00000003e-01
10439,12,304.0000,15,0.00000000e+00
10439,16,139.0000,16,0.00000000e+00
10439,64,266.0000,6,0.00000000e+00
10439,74,80.0000,30,0.00000000e+00
10440,2,152.0000,45,1.50000006e-01
10440,16,139.0000,49,1.50000006e-01
10440,29,990.0000,24,1.50000006e-01
10440,61,228.0000,90,1.50000006e-01
10441,27,351.0000,50,0.00000000e+00
10442,11,168.0000,30,0.00000000e+00
10442,54,59.0000,80,0.00000000e+00
10442,66,136.0000,60,0.00000000e+00
10443,11,168.0000,6,2.00000003e-01
10443,28,364.0000,12,0.00000000e+00
10444,17,312.0000,10,0.00000000e+00
10444,26,249.0000,15,0.00000000e+00
10444,35,144.0000,8,0.00000000e+00
10444,41,77.0000,30,0.00000000e+00
10445,39,144.0000,6,0.00000000e+00
10445,54,59.0000,15,0.00000000e+00
10446,19,73.0000,12,1.00000001e-01
10446,24,36.0000,20,1.00000001e-01
10446,31,100.0000,3,1.00000001e-01
10446,52,56.0000,15,1.00000001e-01
10447,19,73.0000,40,0.00000000e+00
10447,65,168.0000,35,0.00000000e+00
10447,71,172.0000,2,0.00000000e+00
10448,26,249.0000,6,0.00000000e+00
10448,40,147.0000,20,0.00000000e+00
10449,10,248.0000,14,0.00000000e+00
10449,52,56.0000,20,0.00000000e+00
10449,62,394.0000,35,0.00000000e+00
10450,10,248.0000,20,2.00000003e-01
10450,54,59.0000,6,2.00000003e-01
10451,55,192.0000,120,1.00000001e-01
10451,64,266.0000,35,1.00000001e-01
10451,65,168.0000,28,1.00000001e-01
10451,77,104.0000,55,1.00000001e-01
10452,28,364.0000,15,0.00000000e+00
10452,44,155.0000,100,5.00000007e-02
10453,48,102.0000,15,1.00000001e-01
10453,70,120.0000,25,1.00000001e-01
10454,16,139.0000,20,2.00000003e-01
10454,33,20.0000,20,2.00000003e-01
10454,46,96.0000,10,2.00000003e-01
10455,39,144.0000,20,0.00000000e+00
10455,53,262.0000,50,0.00000000e+00
10455,61,228.0000,25,0.00000000e+00
10455,71,172.0000,30,0.00000000e+00
10456,21,80.0000,40,1.50000006e-01
10456,49,160.0000,21,1.50000006e-01
10457,59,440.0000,36,0.00000000e+00
10458,26,249.0000,30,0.00000000e+00
10458,28,364.0000,30,0.00000000e+00
10458,43,368.0000,20,0.00000000e+00
10458,56,304.0000,15,0.00000000e+00
10458,71,172.0000,50,0.00000000e+00
10459,7,240.0000,16,5.00000007e-02
10459,46,96.0000,20,5.00000007e-02
10459,72,278.0000,40,0.00000000e+00
10460,68,100.0000,21,2.50000000e-01
10460,75,62.0000,4,2.50000000e-01
10461,21,80.0000,40,2.50000000e-01
10461,30,207.0000,28,2.50000000e-01
10461,55,192.0000,60,2.50000000e-01
10462,13,48.0000,1,0.00000000e+00
10462,23,72.0000,21,0.00000000e+00
10463,19,73.0000,21,0.00000000e+00
10463,42,112.0000,50,0.00000000e+00
10464,4,176.0000,16,2.00000003e-01
10464,43,368.0000,3,0.00000000e+00
10464,56,304.0000,30,2.00000003e-01
10464,60,272.0000,20,0.00000000e+00
10465,24,36.0000,25,0.00000000e+00
10465,29,990.0000,18,1.00000001e-01
10465,40,147.0000,20,0.00000000e+00
10465,45,76.0000,30,1.00000001e-01
10465,50,130.0000,25,0.00000000e+00
10466,11,168.0000,10,0.00000000e+00
10466,46,96.0000,5,0.00000000e+00
10467,24,36.0000,28,0.00000000e+00
10467,25,112.0000,12,0.00000000e+00
10468,30,207.0000,8,0.00000000e+00
10468,43,368.0000,15,0.00000000e+00
10469,2,152.0000,40,1.50000006e-01
10469,16,139.0000,35,1.50000006e-01
10469,44,155.0000,2,1.50000006e-01
10470,18,500.0000,30,0.00000000e+00
10470,23,72.0000,15,0.00000000e+00
10470,64,266.0000,8,0.00000000e+00
10471,7,240.0000,30,0.00000000e+00
10471,56,304.0000,20,0.00000000e+00
10472,24,36.0000,80,5.00000007e-02
10472,51,424.0000,18,0.00000000e+00
10473,33,20.0000,12,0.00000000e+00
10473,71,172.0000,12,0.00000000e+00
10474,14,186.0000,12,0.00000000e+00
10474,28,364.0000,18,0.00000000e+00
10474,40,147.0000,21,0.00000000e+00
10474,75,62.0000,10,0.00000000e+00
10475,31,100.0000,35,1.50000006e-01
10475,66,136.0000,60,1.50000006e-01
10475,76,144.0000,42,1.50000006e-01
10476,55,192.0000,2,5.00000007e-02
10476,70,120.0000,12,0.00000000e+00
10477,1,144.0000,15,0.00000000e+00
10477,21,80.0000,21,2.50000000e-01
10477,39,144.0000,20,2.50000000e-01
10478,10,248.0000,20,5.00000007e-02
10479,38,2108.0000,30,0.00000000e+00
10479,53,262.0000,28,0.00000000e+00
10479,59,440.0000,60,0.00000000e+00
10479,64,266.0000,30,0.00000000e+00
10480,47,76.0000,30,0.00000000e+00
10480,59,440.0000,12,0.00000000e+00
10481,49,160.0000,24,0.00000000e+00
10481,60,272.0000,40,0.00000000e+00
10482,40,147.0000,10,0.00000000e+00
10483,34,112.0000,35,5.00000007e-02
10483,77,104.0000,30,5.00000007e-02
10484,21,80.0000,14,0.00000000e+00
10484,40,147.0000,10,0.00000000e+00
10484,51,424.0000,3,0.00000000e+00
10485,2,152.0000,20,1.00000001e-01
10485,3,80.0000,20,1.00000001e-01
10485,55,192.0000,30,1.00000001e-01
10485,70,120.0000,60,1.00000001e-01
10486,11,168.0000,5,0.00000000e+00
10486,51,424.0000,25,0.00000000e+00
10486,74,80.0000,16,0.00000000e+00
10487,19,73.0000,5,0.00000000e+00
10487,26,249.0000,30,0.00000000e+00
10487,54,59.0000,24,2.50000000e-01
10488,59,440.0000,30,0.00000000e+00
10488,73,120.0000,20,2.00000003e-01
10489,11,168.0000,15,2.50000000e-01
10489,16,139.0000,18,0.00000000e+00
10490,59,440.0000,60,0.00000000e+00
10490,68,100.0000,30,0.00000000e+00
10490,75,62.0000,36,0.00000000e+00
10491,44,155.0000,15,1.50000006e-01
10491,77,104.0000,7,1.50000006e-01
10492,25,112.0000,60,5.00000007e-02
10492,42,112.0000,20,5.00000007e-02
10493,65,168.0000,15,1.00000001e-01
10493,66,136.0000,10,1.00000001e-01
10493,69,288.0000,10,1.00000001e-01
10494,56,304.0000,30,0.00000000e+00
10495,23,72.0000,10,0.00000000e+00
10495,41,77.0000,20,0.00000000e+00
10495,77,104.0000,5,0.00000000e+00
10496,31,100.0000,20,5.00000007e-02
10497,56,304.0000,14,0.00000000e+00
10497,72,278.0000,25,0.00000000e+00
10497,77,104.0000,25,0.00000000e+00
10498,24,45.0000,14,0.00000000e+00
10498,40,184.0000,5,0.00000000e+00
10498,42,140.0000,30,0.00000000e+00
10499,28,456.0000,20,0.00000000e+00
10499,49,200.0000,25,0.00000000e+00
10500,15,155.0000,12,5.00000007e-02
10500,28,456.0000,8,5.00000007e-02
10501,61,1530.0000,1,0.00000000e+00
10501,65,855.0000,1,0.00000000e+00
10501,75,1710.0000,20,0.00000000e+00
10502,45,95.0000,21,0.00000000e+00
10502,53,328.0000,6,0.00000000e+00
10502,67,140.0000,30,0.00000000e+00
10503,14,232.5000,70,0.00000000e+00
10503,65,210.5000,20,0.00000000e+00
10504,2,190.0000,12,0.00000000e+00
10504,21,100.0000,12,0.00000000e+00
10504,53,328.0000,10,0.00000000e+00
10504,61,285.0000,25,0.00000000e+00
10505,62,493.0000,3,0.00000000e+00
10506,25,140.0000,18,1.00000001e-01
10506,70,150.0000,14,1.00000001e-01
10507,43,460.0000,15,1.50000006e-01
10507,48,127.5000,15,1.50000006e-01
10508,13,60.0000,10,0.00000000e+00
10508,39,180.0000,10,0.00000000e+00
10509,28,456.0000,3,0.00000000e+00
10510,29,1237.9000,36,0.00000000e+00
10510,75,77.5000,36,1.00000001e-01
10511,4,220.0000,50,1.50000006e-01
10511,7,300.0000,50,1.50000006e-01
10511,8,400.0000,10,1.50000006e-01
10512,24,45.0000,10,1.50000006e-01
10512,46,120.0000,9,1.50000006e-01
10512,47,95.0000,6,1.50000006e-01
10512,60,340.0000,12,1.50000006e-01
10513,21,100.0000,40,2.00000003e-01
10513,32,320.0000,50,2.00000003e-01
10513,61,285.0000,15,2.00000003e-01
10514,20,810.0000,39,0.00000000e+00
10514,28,456.0000,35,0.00000000e+00
10514,56,380.0000,70,0.00000000e+00
10514,65,210.5000,39,0.00000000e+00
10514,75,77.5000,50,0.00000000e+00
10515,9,970.0000,16,1.50000006e-01
10515,16,174.5000,50,0.00000000e+00
10515,27,439.0000,120,0.00000000e+00
10515,33,25.0000,16,1.50000006e-01
10515,60,340.0000,84,1.50000006e-01
10516,18,625.0000,25,1.00000001e-01
10516,41,96.5000,80,1.00000001e-01
10516,42,140.0000,20,0.00000000e+00
10517,52,70.0000,6,0.00000000e+00
10517,59,550.0000,4,0.00000000e+00
10517,70,150.0000,6,0.00000000e+00
10518,24,45.0000,5,0.00000000e+00
10518,38,2635.0000,15,0.00000000e+00
10518,44,194.5000,9,0.00000000e+00
10519,10,310.0000,16,5.00000007e-02
10519,56,380.0000,40,0.00000000e+00
10519,60,340.0000,10,5.00000007e-02
10520,24,45.0000,8,0.00000000e+00
10520,53,328.0000,5,0.00000000e+00
10521,35,180.0000,3,0.00000000e+00
10521,41,96.5000,10,0.00000000e+00
10521,68,125.0000,6,0.00000000e+00
10522,1,180.0000,40,2.00000003e-01
10522,8,400.0000,24,0.00000000e+00
10522,30,258.9000,20,2.00000003e-01
10522,40,184.0000,25,2.00000003e-01
10523,17,390.0000,25,1.00000001e-01
10523,20,810.0000,15,1.00000001e-01
10523,37,260.0000,18,1.00000001e-01
10523,41,96.5000,6,1.00000001e-01
10524,10,310.0000,2,0.00000000e+00
10524,30,258.9000,10,0.00000000e+00
10524,43,460.0000,60,0.00000000e+00
10524,54,74.5000,15,0.00000000e+00
10525,36,190.0000,30,0.00000000e+00
10525,40,184.0000,15,1.00000001e-01
10526,1,180.0000,8,1.50000006e-01
10526,13,60.0000,10,0.00000000e+00
10526,56,380.0000,30,1.50000006e-01
10527,4,220.0000,50,1.00000001e-01
10527,36,190.0000,30,1.00000001e-01
10528,11,210.0000,3,0.00000000e+00
10528,33,25.0000,8,2.00000003e-01
10528,72,348.0000,9,0.00000000e+00
10529,55,240.0000,14,0.00000000e+00
10529,68,125.0000,20,0.00000000e+00
10529,69,360.0000,10,0.00000000e+00
10530,17,390.0000,40,0.00000000e+00
10530,43,460.0000,25,0.00000000e+00
10530,61,285.0000,20,0.00000000e+00
10530,76,180.0000,50,0.00000000e+00
10531,59,550.0000,2,0.00000000e+00
10532,30,258.9000,15,0.00000000e+00
10532,66,170.0000,24,0.00000000e+00
10533,4,220.0000,50,5.00000007e-02
10533,72,348.0000,24,0.00000000e+00
10533,73,150.0000,24,5.00000007e-02
10534,30,258.9000,10,0.00000000e+00
10534,40,184.0000,10,2.00000003e-01
10534,54,74.5000,10,2.00000003e-01
10535,11,210.0000,50,1.00000001e-01
10535,40,184.0000,10,1.00000001e-01
10535,57,195.0000,5,1.00000001e-01
10535,59,550.0000,15,1.00000001e-01
10536,12,380.0000,15,2.50000000e-01
10536,31,125.0000,20,0.00000000e+00
10536,33,25.0000,30,0.00000000e+00
10536,60,340.0000,35,2.50000000e-01
10537,31,125.0000,30,0.00000000e+00
10537,51,530.0000,6,0.00000000e+00
10537,58,132.5000,20,0.00000000e+00
10537,72,348.0000,21,0.00000000e+00
10537,73,150.0000,9,0.00000000e+00
10538,70,150.0000,7,0.00000000e+00
10538,72,348.0000,1,0.00000000e+00
10539,13,60.0000,8,0.00000000e+00
10539,21,100.0000,15,0.00000000e+00
10539,33,25.0000,15,0.00000000e+00
10539,49,200.0000,6,0.00000000e+00
10540,3,100.0000,60,0.00000000e+00
10540,26,312.3000,40,0.00000000e+00
10540,38,2635.0000,30,0.00000000e+00
10540,68,125.0000,35,0.00000000e+00
10541,24,45.0000,35,1.00000001e-01
10541,38,2635.0000,4,1.00000001e-01
10541,65,210.5000,36,1.00000001e-01
10541,71,215.0000,9,1.00000001e-01
10542,11,210.0000,15,5.00000007e-02
10542,54,74.5000,24,5.00000007e-02
10543,12,380.0000,30,1.50000006e-01
10543,23,90.0000,70,1.50000006e-01
10544,28,456.0000,7,0.00000000e+00
10544,67,140.0000,7,0.00000000e+00
10545,11,210.0000,10,0.00000000e+00
10546,7,300.0000,10,0.00000000e+00
10546,35,180.0000,30,0.00000000e+00
10546,62,493.0000,40,0.00000000e+00
10547,32,320.0000,24,1.50000006e-01
10547,36,190.0000,60,0.00000000e+00
10548,34,140.0000,10,2.50000000e-01
10548,41,96.5000,14,0.00000000e+00
10549,31,125.0000,55,1.50000006e-01
10549,45,95.0000,100,1.50000006e-01
10549,51,530.0000,48,1.50000006e-01
10550,17,390.0000,8,1.00000001e-01
10550,19,92.0000,10,0.00000000e+00
10550,21,100.0000,6,1.00000001e-01
10550,61,285.0000,10,1.00000001e-01
10551,16,174.5000,40,1.50000006e-01
10551,35,180.0000,20,1.50000006e-01
10551,44,194.5000,40,0.00000000e+00
10552,69,360.0000,18,0.00000000e+00
10552,75,77.5000,30,0.00000000e+00
10553,11,210.0000,15,0.00000000e+00
10553,16,174.5000,14,0.00000000e+00
10553,22,210.0000,24,0.00000000e+00
10553,31,125.0000,30,0.00000000e+00
10553,35,180.0000,6,0.00000000e+00
10554,16,174.5000,30,5.00000007e-02
10554,23,90.0000,20,5.00000007e-02
10554,62,493.0000,20,5.00000007e-02
10554,77,130.0000,10,5.00000007e-02
10555,14,232.5000,30,2.00000003e-01
10555,19,92.0000,35,2.00000003e-01
10555,24,45.0000,18,2.00000003e-01
10555,51,530.0000,20,2.00000003e-01
10555,56,380.0000,40,2.00000003e-01
10556,72,348.0000,24,0.00000000e+00
10557,64,332.5000,30,0.00000000e+00
10557,75,77.5000,20,0.00000000e+00
10558,47,95.0000,25,0.00000000e+00
10558,51,530.0000,20,0.00000000e+00
10558,52,70.0000,30,0.00000000e+00
10558,53,328.0000,18,0.00000000e+00
10558,73,150.0000,3,0.00000000e+00
10559,41,96.5000,12,5.00000007e-02
10559,55,240.0000,18,5.00000007e-02
10560,30,258.9000,20,0.00000000e+00
10560,62,493.0000,15,2.50000000e-01
10561,44,194.5000,10,0.00000000e+00
10561,51,530.0000,50,0.00000000e+00
10562,33,25.0000,20,1.00000001e-01
10562,62,493.0000,10,1.00000001e-01
10563,36,190.0000,25,0.00000000e+00
10563,52,70.0000,70,0.00000000e+00
10564,17,390.0000,16,5.00000007e-02
10564,31,125.0000,6,5.00000007e-02
10564,55,240.0000,25,5.00000007e-02
10565,24,45.0000,25,1.00000001e-01
10565,64,332.5000,18,1.00000001e-01
10566,11,210.0000,35,1.50000006e-01
10566,18,625.0000,18,1.50000006e-01
10566,76,180.0000,10,0.00000000e+00
10567,31,125.0000,60,2.00000003e-01
10567,51,530.0000,3,0.00000000e+00
10567,59,550.0000,40,2.00000003e-01
10568,10,310.0000,5,0.00000000e+00
10569,31,125.0000,35,2.00000003e-01
10569,76,180.0000,30,0.00000000e+00
10570,11,210.0000,15,5.00000007e-02
10570,56,380.0000,60,5.00000007e-02
10571,14,232.5000,11,1.50000006e-01
10571,42,140.0000,28,1.50000006e-01
10572,16,174.5000,12,1.00000001e-01
10572,32,320.0000,10,1.00000001e-01
10572,40,184.0000,50,0.00000000e+00
10572,75,77.5000,15,1.00000001e-01
10573,17,390.0000,18,0.00000000e+00
10573,34,140.0000,40,0.00000000e+00
10573,53,328.0000,25,0.00000000e+00
10574,33,25.0000,14,0.00000000e+00
10574,40,184.0000,2,0.00000000e+00
10574,62,493.0000,10,0.00000000e+00
10574,64,332.5000,6,0.00000000e+00
10575,59,550.0000,12,0.00000000e+00
10575,63,439.0000,6,0.00000000e+00
10575,72,348.0000,30,0.00000000e+00
10575,76,180.0000,10,0.00000000e+00
10576,1,180.0000,10,0.00000000e+00
10576,31,125.0000,20,0.00000000e+00
10576,44,194.5000,21,0.00000000e+00
10577,39,180.0000,10,0.00000000e+00
10577,75,77.5000,20,0.00000000e+00
10577,77,130.0000,18,0.00000000e+00
10578,35,180.0000,20,0.00000000e+00
10578,57,195.0000,6,0.00000000e+00
10579,15,155.0000,10,0.00000000e+00
10579,75,77.5000,21,0.00000000e+00
10580,14,232.5000,15,5.00000007e-02
10580,41,96.5000,9,5.00000007e-02
10580,65,210.5000,30,5.00000007e-02
10581,75,77.5000,50,2.00000003e-01
10582,57,195.0000,4,0.00000000e+00
10582,76,180.0000,14,0.00000000e+00
10583,29,1237.9000,10,0.00000000e+00
10583,60,340.0000,24,1.50000006e-01
10583,69,360.0000,10,1.50000006e-01
10584,31,125.0000,50,5.00000007e-02
10585,47,95.0000,15,0.00000000e+00
10586,52,70.0000,4,1.50000006e-01
10587,26,312.3000,6,0.00000000e+00
10587,35,180.0000,20,0.00000000e+00
10587,77,130.0000,20,0.00000000e+00
10588,18,625.0000,40,2.00000003e-01
10588,42,140.0000,100,2.00000003e-01
10589,35,180.0000,4,0.00000000e+00
10590,1,180.0000,20,0.00000000e+00
10590,77,130.0000,60,5.00000007e-02
10591,3,100.0000,14,0.00000000e+00
10591,7,300.0000,10,0.00000000e+00
10591,54,74.5000,50,0.00000000e+00
10592,15,155.0000,25,5.00000007e-02
10592,26,312.3000,5,5.00000007e-02
10593,20,810.0000,21,2.00000003e-01
10593,69,360.0000,20,2.00000003e-01
10593,76,180.0000,4,2.00000003e-01
10594,52,70.0000,24,0.00000000e+00
10594,58,132.5000,30,0.00000000e+00
10595,35,180.0000,30,2.50000000e-01
10595,61,285.0000,120,2.50000000e-01
10595,69,360.0000,65,2.50000000e-01
10596,56,380.0000,5,2.00000003e-01
10596,63,439.0000,24,2.00000003e-01
10596,75,77.5000,30,2.00000003e-01
10597,24,45.0000,35,2.00000003e-01
10597,57,195.0000,20,0.00000000e+00
10597,65,210.5000,12,2.00000003e-01
10598,27,439.0000,50,0.00000000e+00
10598,71,215.0000,9,0.00000000e+00
10599,62,493.0000,10,0.00000000e+00
10600,54,74.5000,4,0.00000000e+00
10600,73,150.0000,30,0.00000000e+00
10601,13,60.0000,60,0.00000000e+00
10601,59,550.0000,35,0.00000000e+00
10602,77,130.0000,5,2.50000000e-01
10603,22,210.0000,48,0.00000000e+00
10603,49,200.0000,25,5.00000007e-02
10604,48,127.5000,6,1.00000001e-01
10604,76,180.0000,10,1.00000001e-01
10605,16,174.5000,30,5.00000007e-02
10605,59,550.0000,20,5.00000007e-02
10605,60,340.0000,70,5.00000007e-02
10605,71,215.0000,15,5.00000007e-02
10606,4,220.0000,20,2.00000003e-01
10606,55,240.0000,20,2.00000003e-01
10606,62,493.0000,10,2.00000003e-01
10607,7,300.0000,45,0.00000000e+00
10607,17,390.0000,100,0.00000000e+00
10607,33,25.0000,14,0.00000000e+00
10607,40,184.0000,42,0.00000000e+00
10607,72,348.0000,12,0.00000000e+00
10608,56,380.0000,28,0.00000000e+00
10609,1,180.0000,3,0.00000000e+00
10609,10,310.0000,10,0.00000000e+00
10609,21,100.0000,6,0.00000000e+00
10610,36,190.0000,21,2.50000000e-01
10611,1,180.0000,6,0.00000000e+00
10611,2,190.0000,10,0.00000000e+00
10611,60,340.0000,15,0.00000000e+00
10612,10,310.0000,70,0.00000000e+00
10612,36,190.0000,55,0.00000000e+00
10612,49,200.0000,18,0.00000000e+00
10612,60,340.0000,40,0.00000000e+00
10612,76,180.0000,80,0.00000000e+00
10613,13,60.0000,8,1.00000001e-01
10613,75,77.5000,40,0.00000000e+00
10614,11,210.0000,14,0.00000000e+00
10614,21,100.0000,8,0.00000000e+00
10614,39,180.0000,5,0.00000000e+00
10615,55,240.0000,5,0.00000000e+00
10616,38,2635.0000,15,5.00000007e-02
10616,56,380.0000,14,0.00000000e+00
10616,70,150.0000,15,5.00000007e-02
10616,71,215.0000,15,5.00000007e-02
10617,59,550.0000,30,1.50000006e-01
10618,6,250.0000,70,0.00000000e+00
10618,56,380.0000,20,0.00000000e+00
10618,68,125.0000,15,0.00000000e+00
10619,21,100.0000,42,0.00000000e+00
10619,22,210.0000,40,0.00000000e+00
10620,24,45.0000,5,0.00000000e+00
10620,52,70.0000,5,0.00000000e+00
10621,19,92.0000,5,0.00000000e+00
10621,23,90.0000,10,0.00000000e+00
10621,70,150.0000,20,0.00000000e+00
10621,71,215.0000,15,0.00000000e+00
10622,2,190.0000,20,0.00000000e+00
10622,68,125.0000,18,2.00000003e-01
10623,14,232.5000,21,0.00000000e+00
10623,19,92.0000,15,1.00000001e-01
10623,21,100.0000,25,1.00000001e-01
10623,24,45.0000,3,0.00000000e+00
10623,35,180.0000,30,1.00000001e-01
10624,28,456.0000,10,0.00000000e+00
10624,29,1237.9000,6,0.00000000e+00
10624,44,194.5000,10,0.00000000e+00
10625,14,232.5000,3,0.00000000e+00
10625,42,140.0000,5,0.00000000e+00
10625,60,340.0000,10,0.00000000e+00
10626,53,328.0000,12,0.00000000e+00
10626,60,340.0000,20,0.00000000e+00
10626,71,215.0000,20,0.00000000e+00
10627,62,493.0000,15,0.00000000e+00
10627,73,150.0000,35,1.50000006e-01
10628,1,180.0000,25,0.00000000e+00
10629,29,1237.9000,20,0.00000000e+00
10629,64,332.5000,9,0.00000000e+00
10630,55,240.0000,12,5.00000007e-02
10630,76,180.0000,35,0.00000000e+00
10631,75,77.5000,8,1.00000001e-01
10632,2,190.0000,30,5.00000007e-02
10632,33,25.0000,20,5.00000007e-02
10633,12,380.0000,36,1.50000006e-01
10633,13,60.0000,13,1.50000006e-01
10633,26,312.3000,35,1.50000006e-01
10633,62,493.0000,80,1.50000006e-01
10634,7,300.0000,35,0.00000000e+00
10634,18,625.0000,50,0.00000000e+00
10634,51,530.0000,15,0.00000000e+00
10634,75,77.5000,2,0.00000000e+00
10635,4,220.0000,10,1.00000001e-01
10635,5,213.5000,15,1.00000001e-01
10635,22,210.0000,40,0.00000000e+00
10636,4,220.0000,25,0.00000000e+00
10636,58,132.5000,6,0.00000000e+00
10637,11,210.0000,10,0.00000000e+00
10637,50,162.5000,25,5.00000007e-02
10637,56,380.0000,60,5.00000007e-02
10638,45,95.0000,20,0.00000000e+00
10638,65,210.5000,21,0.00000000e+00
10638,72,348.0000,60,0.00000000e+00
10639,18,625.0000,8,0.00000000e+00
10640,69,360.0000,20,2.50000000e-01
10640,70,150.0000,15,2.50000000e-01
10641,2,190.0000,50,0.00000000e+00
10641,40,184.0000,60,0.00000000e+00
10642,21,100.0000,30,2.00000003e-01
10642,61,285.0000,20,2.00000003e-01
10643,28,456.0000,15,2.50000000e-01
10643,39,180.0000,21,2.50000000e-01
10643,46,120.0000,2,2.50000000e-01
10644,18,625.0000,4,1.00000001e-01
10644,43,460.0000,20,0.00000000e+00
10644,46,120.0000,21,1.00000001e-01
10645,18,625.0000,20,0.00000000e+00
10645,36,190.0000,15,0.00000000e+00
10646,1,180.0000,15,2.50000000e-01
10646,10,310.0000,18,2.50000000e-01
10646,71,215.0000,30,2.50000000e-01
10646,77,130.0000,35,2.50000000e-01
10647,19,92.0000,30,0.00000000e+00
10647,39,180.0000,20,0.00000000e+00
10648,22,210.0000,15,0.00000000e+00
10648,24,45.0000,15,1.50000006e-01
10649,28,456.0000,20,0.00000000e+00
10649,72,348.0000,15,0.00000000e+00
10650,30,258.9000,30,0.00000000e+00
10650,53,328.0000,25,5.00000007e-02
10650,54,74.5000,30,0.00000000e+00
10651,19,92.0000,12,2.50000000e-01
10651,22,210.0000,20,2.50000000e-01
10652,30,258.9000,2,2.50000000e-01
10652,42,140.0000,20,0.00000000e+00
10653,16,174.5000,30,1.00000001e-01
10653,60,340.0000,20,1.00000001e-01
10654,4,220.0000,12,1.00000001e-01
10654,39,180.0000,20,1.00000001e-01
10654,54,74.5000,6,1.00000001e-01
10655,41,96.5000,20,2.00000003e-01
10656,14,232.5000,3,1.00000001e-01
10656,44,194.5000,28,1.00000001e-01
10656,47,95.0000,6,1.00000001e-01
10657,15,155.0000,50,0.00000000e+00
10657,41,96.5000,24,0.00000000e+00
10657,46,120.0000,45,0.00000000e+00
10657,47,95.0000,10,0.00000000e+00
10657,56,380.0000,45,0.00000000e+00
10657,60,340.0000,30,0.00000000e+00
10658,21,100.0000,60,0.00000000e+00
10658,40,184.0000,70,5.00000007e-02
10658,60,340.0000,55,5.00000007e-02
10658,77,130.0000,70,5.00000007e-02
10659,31,125.0000,20,5.00000007e-02
10659,40,184.0000,24,5.00000007e-02
10659,70,150.0000,40,5.00000007e-02
10660,20,810.0000,21,0.00000000e+00
10661,39,180.0000,3,2.00000003e-01
10661,58,132.5000,49,2.00000003e-01
10662,68,125.0000,10,0.00000000e+00
10663,40,184.0000,30,5.00000007e-02
10663,42,140.0000,30,5.00000007e-02
10663,51,530.0000,20,5.00000007e-02
10664,10,310.0000,24,1.50000006e-01
10664,56,380.0000,12,1.50000006e-01
10664,65,210.5000,15,1.50000006e-01
10665,51,530.0000,20,0.00000000e+00
10665,59,550.0000,1,0.00000000e+00
10665,76,180.0000,10,0.00000000e+00
10666,29,1237.9000,36,0.00000000e+00
10666,65,210.5000,10,0.00000000e+00
10667,69,360.0000,45,2.00000003e-01
10667,71,215.0000,14,2.00000003e-01
10668,31,125.0000,8,1.00000001e-01
10668,55,240.0000,4,1.00000001e-01
10668,64,332.5000,15,1.00000001e-01
10669,36,190.0000,30,0.00000000e+00
10670,23,90.0000,32,0.00000000e+00
10670,46,120.0000,60,0.00000000e+00
10670,67,140.0000,25,0.00000000e+00
10670,73,150.0000,50,0.00000000e+00
10670,75,77.5000,25,0.00000000e+00
10671,16,174.5000,10,0.00000000e+00
10671,62,493.0000,10,0.00000000e+00
10671,65,210.5000,12,0.00000000e+00
10672,38,2635.0000,15,1.00000001e-01
10672,71,215.0000,12,0.00000000e+00
10673,16,174.5000,3,0.00000000e+00
10673,42,140.0000,6,0.00000000e+00
10673,43,460.0000,6,0.00000000e+00
10674,23,90.0000,5,0.00000000e+00
10675,14,232.5000,30,0.00000000e+00
10675,53,328.0000,10,0.00000000e+00
10675,58,132.5000,30,0.00000000e+00
10676,10,310.0000,2,0.00000000e+00
10676,19,92.0000,7,0.00000000e+00
10676,44,194.5000,21,0.00000000e+00
10677,26,312.3000,30,1.50000006e-01
10677,33,25.0000,8,1.50000006e-01
10678,12,380.0000,100,0.00000000e+00
10678,33,25.0000,30,0.00000000e+00
10678,41,96.5000,120,0.00000000e+00
10678,54,74.5000,30,0.00000000e+00
10679,4,2812.5000,4,0.00000000e+00
10679,41,828.0000,1,0.00000000e+00
10679,59,550.0000,12,0.00000000e+00
10680,16,174.5000,50,2.50000000e-01
10680,31,125.0000,20,2.50000000e-01
10680,42,140.0000,40,2.50000000e-01
10681,19,92.0000,30,1.00000001e-01
10681,21,100.0000,12,1.00000001e-01
10681,64,332.5000,28,0.00000000e+00
10682,33,25.0000,30,0.00000000e+00
10682,66,170.0000,4,0.00000000e+00
10682,75,77.5000,30,0.00000000e+00
10683,52,70.0000,9,0.00000000e+00
10684,40,184.0000,20,0.00000000e+00
10684,47,95.0000,40,0.00000000e+00
10684,60,340.0000,30,0.00000000e+00
10685,10,310.0000,20,0.00000000e+00
10685,41,96.5000,4,0.00000000e+00
10685,47,95.0000,15,0.00000000e+00
10686,17,390.0000,30,2.00000003e-01
10686,26,312.3000,15,0.00000000e+00
10687,9,970.0000,50,2.50000000e-01
10687,29,1237.9000,10,0.00000000e+00
10687,36,190.0000,6,2.50000000e-01
10688,10,310.0000,18,1.00000001e-01
10688,28,456.0000,60,1.00000001e-01
10688,34,140.0000,14,0.00000000e+00
10689,1,180.0000,35,2.50000000e-01
10690,56,380.0000,20,2.50000000e-01
10690,77,130.0000,30,2.50000000e-01
10691,1,180.0000,30,0.00000000e+00
10691,29,1237.9000,40,0.00000000e+00
10691,43,460.0000,40,0.00000000e+00
10691,44,194.5000,24,0.00000000e+00
10691,62,493.0000,48,0.00000000e+00
10692,22,562.5000,20,0.00000000e+00
10692,23,1620.0000,10,0.00000000e+00
10692,56,1080.0000,14,0.00000000e+00
10693,9,970.0000,6,0.00000000e+00
10693,54,74.5000,60,1.50000006e-01
10693,69,360.0000,30,1.50000006e-01
10693,73,150.0000,15,1.50000006e-01
10694,7,300.0000,90,0.00000000e+00
10694,59,550.0000,25,0.00000000e+00
10694,70,150.0000,50,0.00000000e+00
10695,8,400.0000,10,0.00000000e+00
10695,12,380.0000,4,0.00000000e+00
10695,24,45.0000,20,0.00000000e+00
10696,17,390.0000,20,0.00000000e+00
10696,46,120.0000,18,0.00000000e+00
10697,19,92.0000,7,2.50000000e-01
10697,35,180.0000,9,2.50000000e-01
10697,58,132.5000,30,2.50000000e-01
10697,70,150.0000,30,2.50000000e-01
10698,11,210.0000,15,0.00000000e+00
10698,17,390.0000,8,5.00000007e-02
10698,29,1237.9000,12,5.00000007e-02
10698,65,210.5000,65,5.00000007e-02
10698,70,150.0000,8,5.00000007e-02
10699,47,95.0000,12,0.00000000e+00
10700,1,180.0000,5,2.00000003e-01
10700,34,140.0000,12,2.00000003e-01
10700,68,125.0000,40,2.00000003e-01
10700,71,215.0000,60,2.00000003e-01
10701,59,550.0000,42,1.50000006e-01
10701,71,215.0000,20,1.50000006e-01
10701,76,180.0000,35,1.50000006e-01
10702,3,100.0000,6,0.00000000e+00
10702,76,180.0000,15,0.00000000e+00
10703,2,190.0000,5,0.00000000e+00
10703,59,550.0000,35,0.00000000e+00
10703,73,150.0000,35,0.00000000e+00
10704,4,220.0000,6,0.00000000e+00
10704,24,45.0000,35,0.00000000e+00
10704,48,127.5000,24,0.00000000e+00
10705,31,125.0000,20,0.00000000e+00
10705,32,320.0000,4,0.00000000e+00
10706,16,174.5000,20,0.00000000e+00
10706,43,460.0000,24,0.00000000e+00
10706,59,550.0000,8,0.00000000e+00
10707,55,240.0000,21,0.00000000e+00
10707,57,195.0000,40,0.00000000e+00
10707,70,150.0000,28,1.50000006e-01
10708,5,213.5000,4,0.00000000e+00
10708,36,190.0000,5,0.00000000e+00
10709,8,400.0000,40,0.00000000e+00
10709,51,530.0000,28,0.00000000e+00
10709,60,340.0000,10,0.00000000e+00
10710,19,92.0000,5,0.00000000e+00
10710,47,95.0000,5,0.00000000e+00
10711,19,92.0000,12,0.00000000e+00
10711,41,96.5000,42,0.00000000e+00
10711,53,328.0000,120,0.00000000e+00
10712,53,328.0000,3,5.00000007e-02
10712,56,380.0000,30,0.00000000e+00
10713,10,310.0000,18,0.00000000e+00
10713,26,312.3000,30,0.00000000e+00
10713,45,95.0000,110,0.00000000e+00
10713,46,120.0000,24,0.00000000e+00
10714,2,190.0000,30,2.50000000e-01
10714,17,390.0000,27,2.50000000e-01
10714,47,95.0000,50,2.50000000e-01
10714,56,380.0000,18,2.50000000e-01
10714,58,132.5000,12,2.50000000e-01
10715,10,310.0000,21,0.00000000e+00
10715,71,215.0000,30,0.00000000e+00
10716,21,100.0000,5,0.00000000e+00
10716,51,530.0000,7,0.00000000e+00
10716,61,285.0000,10,0.00000000e+00
10717,21,100.0000,32,5.00000007e-02
10717,54,74.5000,15,0.00000000e+00
10717,69,360.0000,25,5.00000007e-02
10718,12,380.0000,36,0.00000000e+00
10718,16,174.5000,20,0.00000000e+00
10718,36,190.0000,40,0.00000000e+00
10718,62,493.0000,20,0.00000000e+00
10719,18,625.0000,12,2.50000000e-01
10719,30,258.9000,3,2.50000000e-01
10719,54,74.5000,40,2.50000000e-01
10720,35,180.0000,21,0.00000000e+00
10720,71,215.0000,8,0.00000000e+00
10721,44,194.5000,50,5.00000007e-02
10722,2,190.0000,3,0.00000000e+00
10722,31,125.0000,50,0.00000000e+00
10722,68,125.0000,45,0.00000000e+00
10722,75,77.5000,42,0.00000000e+00
10723,26,312.3000,15,0.00000000e+00
10724,10,310.0000,16,0.00000000e+00
10724,61,285.0000,5,0.00000000e+00
10725,41,96.5000,12,0.00000000e+00
10725,52,70.0000,4,0.00000000e+00
10725,55,240.0000,6,0.00000000e+00
10726,4,220.0000,25,0.00000000e+00
10726,11,210.0000,5,0.00000000e+00
10727,17,390.0000,20,5.00000007e-02
10727,56,380.0000,10,5.00000007e-02
10727,59,550.0000,10,5.00000007e-02
10728,30,258.9000,15,0.00000000e+00
10728,40,184.0000,6,0.00000000e+00
10728,55,240.0000,12,0.00000000e+00
10728,60,340.0000,15,0.00000000e+00
10729,1,180.0000,50,0.00000000e+00
10729,21,100.0000,30,0.00000000e+00
10729,50,162.5000,40,0.00000000e+00
10730,16,174.5000,15,5.00000007e-02
10730,31,125.0000,3,5.00000007e-02
10730,65,210.5000,10,5.00000007e-02
10731,21,100.0000,40,5.00000007e-02
10731,51,530.0000,30,5.00000007e-02
10732,76,180.0000,20,0.00000000e+00
10733,14,232.5000,16,0.00000000e+00
10733,28,456.0000,20,0.00000000e+00
10733,52,70.0000,25,0.00000000e+00
10734,6,250.0000,30,0.00000000e+00
10734,30,258.9000,15,0.00000000e+00
10734,76,180.0000,20,0.00000000e+00
10735,61,285.0000,20,1.00000001e-01
10735,77,130.0000,2,1.00000001e-01
10736,65,210.5000,40,0.00000000e+00
10736,75,77.5000,20,0.00000000e+00
10737,13,60.0000,4,0.00000000e+00
10737,41,96.5000,12,0.00000000e+00
10738,16,174.5000,3,0.00000000e+00
10739,36,190.0000,6,0.00000000e+00
10739,52,70.0000,18,0.00000000e+00
10740,28,456.0000,5,2.00000003e-01
10740,35,180.0000,35,2.00000003e-01
10740,45,95.0000,40,2.00000003e-01
10740,56,380.0000,14,2.00000003e-01
10741,2,190.0000,15,2.00000003e-01
10742,3,100.0000,20,0.00000000e+00
10742,60,340.0000,50,0.00000000e+00
10742,72,348.0000,35,0.00000000e+00
10743,46,120.0000,28,5.00000007e-02
10744,40,184.0000,50,2.00000003e-01
10745,18,625.0000,24,0.00000000e+00
10745,44,194.5000,16,0.00000000e+00
10745,59,550.0000,45,0.00000000e+00
10745,72,348.0000,7,0.00000000e+00
10746,13,60.0000,6,0.00000000e+00
10746,42,140.0000,28,0.00000000e+00
10746,62,493.0000,9,0.00000000e+00
10746,69,360.0000,40,0.00000000e+00
10747,31,125.0000,8,0.00000000e+00
10747,41,96.5000,35,0.00000000e+00
10747,63,439.0000,9,0.00000000e+00
10747,69,360.0000,30,0.00000000e+00
10748,23,90.0000,44,0.00000000e+00
10748,40,184.0000,40,0.00000000e+00
10748,56,380.0000,28,0.00000000e+00
10749,56,380.0000,15,0.00000000e+00
10749,59,550.0000,6,0.00000000e+00
10749,76,180.0000,10,0.00000000e+00
10750,14,232.5000,5,1.50000006e-01
10750,45,95.0000,40,1.50000006e-01
10750,59,550.0000,25,1.50000006e-01
10751,26,312.3000,12,1.00000001e-01
10751,30,258.9000,30,0.00000000e+00
10751,50,162.5000,20,1.00000001e-01
10751,73,150.0000,15,0.00000000e+00
10752,1,180.0000,8,0.00000000e+00
10752,69,360.0000,3,0.00000000e+00
10753,45,95.0000,4,0.00000000e+00
10753,74,100.0000,5,0.00000000e+00
10754,40,184.0000,3,0.00000000e+00
10755,47,95.0000,30,2.50000000e-01
10755,56,380.0000,30,2.50000000e-01
10755,57,195.0000,14,2.50000000e-01
10755,69,360.0000,25,2.50000000e-01
10756,18,625.0000,21,2.00000003e-01
10756,36,190.0000,20,2.00000003e-01
10756,68,125.0000,6,2.00000003e-01
10756,69,360.0000,20,2.00000003e-01
10757,34,140.0000,30,0.00000000e+00
10757,59,550.0000,7,0.00000000e+00
10757,62,493.0000,30,0.00000000e+00
10757,64,332.5000,24,0.00000000e+00
10758,26,312.3000,20,0.00000000e+00
10758,52,70.0000,60,0.00000000e+00
10758,70,150.0000,40,0.00000000e+00
10759,32,320.0000,10,0.00000000e+00
10760,25,140.0000,12,2.50000000e-01
10760,27,439.0000,40,0.00000000e+00
10760,43,460.0000,30,2.50000000e-01
10761,25,140.0000,35,2.50000000e-01
10761,75,77.5000,18,0.00000000e+00
10762,39,180.0000,16,0.00000000e+00
10762,47,95.0000,30,0.00000000e+00
10762,51,530.0000,28,0.00000000e+00
10762,56,380.0000,60,0.00000000e+00
10763,21,100.0000,40,0.00000000e+00
10763,22,210.0000,6,0.00000000e+00
10763,24,45.0000,20,0.00000000e+00
10764,3,100.0000,20,1.00000001e-01
10764,39,180.0000,130,1.00000001e-01
10765,65,210.5000,80,1.00000001e-01
10766,2,190.0000,40,0.00000000e+00
10766,7,300.0000,35,0.00000000e+00
10766,68,125.0000,40,0.00000000e+00
10767,42,140.0000,2,0.00000000e+00
10768,22,210.0000,4,0.00000000e+00
10768,31,125.0000,50,0.00000000e+00
10768,60,340.0000,15,0.00000000e+00
10768,71,215.0000,12,0.00000000e+00
10769,41,96.5000,30,5.00000007e-02
10769,52,70.0000,15,5.00000007e-02
10769,61,285.0000,20,0.00000000e+00
10769,62,493.0000,15,0.00000000e+00
10770,11,210.0000,15,2.50000000e-01
10771,71,215.0000,16,0.00000000e+00
10772,29,1237.9000,18,0.00000000e+00
10772,59,550.0000,25,0.00000000e+00
10773,17,390.0000,33,0.00000000e+00
10773,31,125.0000,70,2.00000003e-01
10773,75,77.5000,7,2.00000003e-01
10774,31,125.0000,2,2.50000000e-01
10774,66,170.0000,50,0.00000000e+00
10775,10,310.0000,6,0.00000000e+00
10775,67,140.0000,3,0.00000000e+00
10776,31,125.0000,16,5.00000007e-02
10776,42,140.0000,12,5.00000007e-02
10776,45,95.0000,27,5.00000007e-02
10776,51,530.0000,120,5.00000007e-02
10777,42,140.0000,20,2.00000003e-01
10778,41,96.5000,10,0.00000000e+00
10779,16,174.5000,20,0.00000000e+00
10779,62,493.0000,20,0.00000000e+00
10780,70,150.0000,35,0.00000000e+00
10780,77,130.0000,15,0.00000000e+00
10781,54,74.5000,3,2.00000003e-01
10781,56,380.0000,20,2.00000003e-01
10781,74,100.0000,35,0.00000000e+00
10782,31,125.0000,1,0.00000000e+00
10783,31,125.0000,10,0.00000000e+00
10783,38,2635.0000,5,0.00000000e+00
10784,36,190.0000,30,0.00000000e+00
10784,39,180.0000,2,1.50000006e-01
10784,72,348.0000,30,1.50000006e-01
10785,10,310.0000,10,0.00000000e+00
10785,75,77.5000,10,0.00000000e+00
10786,8,400.0000,30,2.00000003e-01
10786,30,258.9000,15,2.00000003e-01
10786,75,77.5000,42,2.00000003e-01
10787,2,190.0000,15,5.00000007e-02
10787,29,1237.9000,20,5.00000007e-02
10788,19,92.0000,50,5.00000007e-02
10788,75,77.5000,40,5.00000007e-02
10789,18,625.0000,30,0.00000000e+00
10789,35,180.0000,15,0.00000000e+00
10789,63,439.0000,30,0.00000000e+00
10789,68,125.0000,18,0.00000000e+00
10790,7,300.0000,3,1.50000006e-01
10790,56,380.0000,20,1.50000006e-01
10791,29,1237.9000,14,5.00000007e-02
10791,41,96.5000,20,5.00000007e-02
10792,2,190.0000,10,0.00000000e+00
10792,54,74.5000,3,0.00000000e+00
10792,68,125.0000,15,0.00000000e+00
10793,41,96.5000,14,0.00000000e+00
10793,52,70.0000,8,0.00000000e+00
10794,14,232.5000,15,2.00000003e-01
10794,54,74.5000,6,2.00000003e-01
10795,16,174.5000,65,0.00000000e+00
10795,17,390.0000,35,2.50000000e-01
10796,26,312.3000,21,2.00000003e-01
10796,44,194.5000,10,0.00000000e+00
10796,64,332.5000,35,2.00000003e-01
10796,69,360.0000,24,2.00000003e-01
10797,11,210.0000,20,0.00000000e+00
10798,62,493.0000,2,0.00000000e+00
10798,72,348.0000,10,0.00000000e+00
10799,13,60.0000,20,1.50000006e-01
10799,24,45.0000,20,1.50000006e-01
10799,59,550.0000,25,0.00000000e+00
10800,11,210.0000,50,1.00000001e-01
10800,51,530.0000,10,1.00000001e-01
10800,54,74.5000,7,1.00000001e-01
10801,17,390.0000,40,2.50000000e-01
10801,29,1237.9000,20,2.50000000e-01
10802,30,258.9000,25,2.50000000e-01
10802,51,530.0000,30,2.50000000e-01
10802,55,240.0000,60,2.50000000e-01
10802,62,493.0000,5,2.50000000e-01
10803,19,92.0000,24,5.00000007e-02
10803,25,140.0000,15,5.00000007e-02
10803,59,550.0000,15,5.00000007e-02
10804,10,310.0000,36,0.00000000e+00
10804,28,456.0000,24,0.00000000e+00
10804,49,200.0000,4,1.50000006e-01
10805,34,140.0000,10,0.00000000e+00
10805,38,2635.0000,10,0.00000000e+00
10806,2,190.0000,20,2.50000000e-01
10806,65,210.5000,2,0.00000000e+00
10806,74,100.0000,15,2.50000000e-01
10807,40,184.0000,1,0.00000000e+00
10808,56,380.0000,20,1.50000006e-01
10808,76,180.0000,50,1.50000006e-01
10809,52,70.0000,20,0.00000000e+00
10810,13,60.0000,7,0.00000000e+00
10810,25,140.0000,5,0.00000000e+00
10810,70,150.0000,5,0.00000000e+00
10811,19,92.0000,15,0.00000000e+00
10811,23,90.0000,18,0.00000000e+00
10811,40,184.0000,30,0.00000000e+00
10812,31,125.0000,16,1.00000001e-01
10812,72,348.0000,40,1.00000001e-01
10812,77,130.0000,20,0.00000000e+00
10813,2,190.0000,12,2.00000003e-01
10813,46,120.0000,35,0.00000000e+00
10814,41,96.5000,20,0.00000000e+00
10814,43,460.0000,20,1.50000006e-01
10814,48,127.5000,8,1.50000006e-01
10814,61,285.0000,30,1.50000006e-01
10815,33,25.0000,16,0.00000000e+00
10816,38,2635.0000,30,5.00000007e-02
10816,62,493.0000,20,5.00000007e-02
10817,26,312.3000,40,1.50000006e-01
10817,38,2635.0000,30,0.00000000e+00
10817,40,184.0000,60,1.50000006e-01
10817,62,493.0000,25,1.50000006e-01
10818,32,320.0000,20,0.00000000e+00
10818,41,96.5000,20,0.00000000e+00
10819,43,460.0000,7,0.00000000e+00
10819,75,77.5000,20,0.00000000e+00
10820,56,380.0000,30,0.00000000e+00
10821,35,180.0000,20,0.00000000e+00
10821,51,530.0000,6,0.00000000e+00
10822,62,493.0000,3,0.00000000e+00
10822,70,150.0000,6,0.00000000e+00
10823,11,210.0000,20,1.00000001e-01
10823,57,195.0000,15,0.00000000e+00
10823,59,550.0000,40,1.00000001e-01
10823,77,130.0000,15,1.00000001e-01
10824,41,96.5000,12,0.00000000e+00
10824,70,150.0000,9,0.00000000e+00
10825,26,312.3000,12,0.00000000e+00
10825,53,328.0000,20,0.00000000e+00
10826,31,125.0000,35,0.00000000e+00
10826,57,195.0000,15,0.00000000e+00
10827,10,310.0000,15,0.00000000e+00
10827,39,180.0000,21,0.00000000e+00
10828,20,810.0000,5,0.00000000e+00
10828,38,2635.0000,2,0.00000000e+00
10829,2,190.0000,10,0.00000000e+00
10829,8,400.0000,20,0.00000000e+00
10829,13,60.0000,10,0.00000000e+00
10829,60,340.0000,21,0.00000000e+00
10830,6,250.0000,6,0.00000000e+00
10830,39,180.0000,28,0.00000000e+00
10830,60,340.0000,30,0.00000000e+00
10830,68,125.0000,24,0.00000000e+00
10831,19,92.0000,2,0.00000000e+00
10831,35,180.0000,8,0.00000000e+00
10831,38,2635.0000,8,0.00000000e+00
10831,43,460.0000,9,0.00000000e+00
10832,13,60.0000,3,2.00000003e-01
10832,25,140.0000,10,2.00000003e-01
10832,44,194.5000,16,2.00000003e-01
10832,64,332.5000,3,0.00000000e+00
10833,7,300.0000,20,1.00000001e-01
10833,31,125.0000,9,1.00000001e-01
10833,53,328.0000,9,1.00000001e-01
10834,29,1237.9000,8,5.00000007e-02
10834,30,258.9000,20,5.00000007e-02
10835,59,550.0000,15,0.00000000e+00
10835,77,130.0000,2,2.00000003e-01
10836,22,210.0000,52,0.00000000e+00
10836,35,180.0000,6,0.00000000e+00
10836,57,195.0000,24,0.00000000e+00
10836,60,340.0000,60,0.00000000e+00
10836,64,332.5000,30,0.00000000e+00
10837,13,60.0000,6,0.00000000e+00
10837,40,184.0000,25,0.00000000e+00
10837,47,95.0000,40,2.50000000e-01
10837,76,180.0000,21,2.50000000e-01
10838,1,180.0000,4,2.50000000e-01
10838,18,625.0000,25,2.50000000e-01
10838,36,190.0000,50,2.50000000e-01
10839,58,132.5000,30,1.00000001e-01
10839,72,348.0000,15,1.00000001e-01
10840,25,140.0000,6,2.00000003e-01
10840,39,180.0000,10,2.00000003e-01
10841,10,310.0000,16,0.00000000e+00
10841,56,380.0000,30,0.00000000e+00
10841,59,550.0000,50,0.00000000e+00
10841,77,130.0000,15,0.00000000e+00
10842,11,210.0000,15,0.00000000e+00
10842,43,460.0000,5,0.00000000e+00
10842,68,125.0000,20,0.00000000e+00
10842,70,150.0000,12,0.00000000e+00
10843,51,530.0000,4,2.50000000e-01
10844,22,210.0000,35,0.00000000e+00
10845,23,90.0000,70,1.00000001e-01
10845,35,180.0000,25,1.00000001e-01
10845,42,140.0000,42,1.00000001e-01
10845,58,132.5000,60,1.00000001e-01
10845,64,332.5000,48,0.00000000e+00
10846,4,220.0000,21,0.00000000e+00
10846,70,150.0000,30,0.00000000e+00
10846,74,100.0000,20,0.00000000e+00
10847,1,180.0000,80,2.00000003e-01
10847,19,92.0000,12,2.00000003e-01
10847,37,260.0000,60,2.00000003e-01
10847,45,95.0000,36,2.00000003e-01
10847,60,340.0000,45,2.00000003e-01
10847,71,215.0000,55,2.00000003e-01
10848,5,213.5000,30,0.00000000e+00
10848,9,970.0000,3,0.00000000e+00
10849,3,100.0000,49,0.00000000e+00
10849,26,312.3000,18,1.50000006e-01
10850,25,140.0000,20,1.50000006e-01
10850,33,25.0000,4,1.50000006e-01
10850,70,150.0000,30,1.50000006e-01
10851,2,190.0000,5,5.00000007e-02
10851,25,140.0000,10,5.00000007e-02
10851,57,195.0000,10,5.00000007e-02
10851,59,550.0000,42,5.00000007e-02
10852,2,190.0000,15,0.00000000e+00
10852,17,390.0000,6,0.00000000e+00
10852,62,493.0000,50,0.00000000e+00
10853,18,625.0000,10,0.00000000e+00
10854,10,310.0000,100,1.50000006e-01
10854,13,60.0000,65,1.50000006e-01
10855,16,174.5000,50,0.00000000e+00
10855,31,125.0000,14,0.00000000e+00
10855,56,380.0000,24,0.00000000e+00
10855,65,210.5000,15,1.50000006e-01
10856,2,190.0000,20,0.00000000e+00
10856,42,140.0000,20,0.00000000e+00
10857,3,100.0000,30,0.00000000e+00
10857,26,312.3000,35,2.50000000e-01
10857,29,1237.9000,10,2.50000000e-01
10858,7,300.0000,5,0.00000000e+00
10858,27,439.0000,10,0.00000000e+00
10858,70,150.0000,4,0.00000000e+00
10859,24,45.0000,40,2.50000000e-01
10859,54,74.5000,35,2.50000000e-01
10859,64,332.5000,30,2.50000000e-01
10860,51,530.0000,3,0.00000000e+00
10860,76,180.0000,20,0.00000000e+00
10861,17,390.0000,42,0.00000000e+00
10861,18,625.0000,20,0.00000000e+00
10861,21,100.0000,40,0.00000000e+00
10861,33,25.0000,35,0.00000000e+00
10861,62,493.0000,3,0.00000000e+00
10862,11,210.0000,25,0.00000000e+00
10862,52,70.0000,8,0.00000000e+00
10863,1,180.0000,20,1.50000006e-01
10863,58,132.5000,12,1.50000006e-01
10864,35,180.0000,4,0.00000000e+00
10864,67,140.0000,15,0.00000000e+00
10865,38,2635.0000,60,5.00000007e-02
10865,39,180.0000,80,5.00000007e-02
10866,2,190.0000,21,2.50000000e-01
10866,24,45.0000,6,2.50000000e-01
10866,30,258.9000,40,2.50000000e-01
10867,53,328.0000,3,0.00000000e+00
10868,26,312.3000,20,0.00000000e+00
10868,35,180.0000,30,0.00000000e+00
10868,49,200.0000,42,1.00000001e-01
10869,1,180.0000,40,0.00000000e+00
10869,11,210.0000,10,0.00000000e+00
10869,23,90.0000,50,0.00000000e+00
10869,68,125.0000,20,0.00000000e+00
10870,35,180.0000,3,0.00000000e+00
10870,51,530.0000,2,0.00000000e+00
10871,6,250.0000,50,5.00000007e-02
10871,16,174.5000,12,5.00000007e-02
10871,17,390.0000,16,5.00000007e-02
10872,55,240.0000,10,5.00000007e-02
10872,62,493.0000,20,5.00000007e-02
10872,64,332.5000,15,5.00000007e-02
10872,65,210.5000,21,5.00000007e-02
10873,21,100.0000,20,0.00000000e+00
10873,28,456.0000,3,0.00000000e+00
10874,10,310.0000,10,0.00000000e+00
10875,19,92.0000,25,0.00000000e+00
10875,47,95.0000,21,1.00000001e-01
10875,49,200.0000,15,0.00000000e+00
10876,46,120.0000,21,0.00000000e+00
10876,64,332.5000,20,0.00000000e+00
10877,16,174.5000,30,2.50000000e-01
10877,18,625.0000,25,0.00000000e+00
10878,20,810.0000,20,5.00000007e-02
10879,40,184.0000,12,0.00000000e+00
10879,65,210.5000,10,0.00000000e+00
10879,76,180.0000,10,0.00000000e+00
10880,23,90.0000,30,2.00000003e-01
10880,61,285.0000,30,2.00000003e-01
10880,70,150.0000,50,2.00000003e-01
10881,73,150.0000,10,0.00000000e+00
10882,42,140.0000,25,0.00000000e+00
10882,49,200.0000,20,1.50000006e-01
10882,54,74.5000,32,1.50000006e-01
10883,24,45.0000,8,0.00000000e+00
10884,21,100.0000,40,5.00000007e-02
10884,56,380.0000,21,5.00000007e-02
10884,65,210.5000,12,5.00000007e-02
10885,2,190.0000,20,0.00000000e+00
10885,24,45.0000,12,0.00000000e+00
10885,70,150.0000,30,0.00000000e+00
10885,77,130.0000,25,0.00000000e+00
10886,10,310.0000,70,0.00000000e+00
10886,31,125.0000,35,0.00000000e+00
10886,77,130.0000,40,0.00000000e+00
10887,25,140.0000,5,0.00000000e+00
10888,2,190.0000,20,0.00000000e+00
10888,68,125.0000,18,0.00000000e+00
10889,11,210.0000,40,0.00000000e+00
10889,38,2635.0000,40,0.00000000e+00
10890,17,390.0000,15,0.00000000e+00
10890,34,140.0000,10,0.00000000e+00
10890,41,96.5000,14,0.00000000e+00
10891,30,258.9000,15,5.00000007e-02
10892,59,550.0000,40,5.00000007e-02
10893,8,400.0000,30,0.00000000e+00
10893,24,45.0000,10,0.00000000e+00
10893,29,1237.9000,24,0.00000000e+00
10893,30,258.9000,35,0.00000000e+00
10893,36,190.0000,20,0.00000000e+00
10894,13,60.0000,28,5.00000007e-02
10894,69,360.0000,50,5.00000007e-02
10894,75,77.5000,120,5.00000007e-02
10895,24,45.0000,110,0.00000000e+00
10895,39,180.0000,45,0.00000000e+00
10895,40,184.0000,91,0.00000000e+00
10895,60,340.0000,100,0.00000000e+00
10896,45,95.0000,15,0.00000000e+00
10896,56,380.0000,16,0.00000000e+00
10897,29,1237.9000,80,0.00000000e+00
10897,30,258.9000,36,0.00000000e+00
10898,13,60.0000,5,0.00000000e+00
10899,39,180.0000,8,1.50000006e-01
10900,70,150.0000,3,2.50000000e-01
10901,41,96.5000,30,0.00000000e+00
10901,71,215.0000,30,0.00000000e+00
10902,55,240.0000,30,1.50000006e-01
10902,62,493.0000,6,1.50000006e-01
10903,13,60.0000,40,0.00000000e+00
10903,65,210.5000,21,0.00000000e+00
10903,68,125.0000,20,0.00000000e+00
10904,58,132.5000,15,0.00000000e+00
10904,62,493.0000,35,0.00000000e+00
10905,1,180.0000,20,5.00000007e-02
10906,61,285.0000,15,0.00000000e+00
10907,75,77.5000,14,0.00000000e+00
10908,7,300.0000,20,5.00000007e-02
10908,52,70.0000,14,5.00000007e-02
10909,7,300.0000,12,0.00000000e+00
10909,16,174.5000,15,0.00000000e+00
10909,41,96.5000,5,0.00000000e+00
10910,19,92.0000,12,0.00000000e+00
10910,49,200.0000,10,0.00000000e+00
10910,61,285.0000,5,0.00000000e+00
10911,1,180.0000,10,0.00000000e+00
10911,17,390.0000,12,0.00000000e+00
10911,67,140.0000,15,0.00000000e+00
10912,11,210.0000,40,2.50000000e-01
10912,29,1237.9000,60,2.50000000e-01
10913,4,220.0000,30,2.50000000e-01
10913,33,25.0000,40,2.50000000e-01
10913,58,132.5000,15,0.00000000e+00
10914,71,215.0000,25,0.00000000e+00
10915,17,390.0000,10,0.00000000e+00
10915,33,25.0000,30,0.00000000e+00
10915,54,74.5000,10,0.00000000e+00
10916,16,174.5000,6,0.00000000e+00
10916,32,320.0000,6,0.00000000e+00
10916,57,195.0000,20,0.00000000e+00
10917,30,258.9000,1,0.00000000e+00
10917,60,340.0000,10,0.00000000e+00
10918,1,180.0000,60,2.50000000e-01
10918,60,340.0000,25,2.50000000e-01
10919,16,174.5000,24,0.00000000e+00
10919,25,140.0000,24,0.00000000e+00
10919,40,184.0000,20,0.00000000e+00
10920,50,162.5000,24,0.00000000e+00
10921,35,180.0000,10,0.00000000e+00
10921,63,439.0000,40,0.00000000e+00
10922,17,390.0000,15,0.00000000e+00
10922,24,45.0000,35,0.00000000e+00
10923,42,140.0000,10,2.00000003e-01
10923,43,460.0000,10,2.00000003e-01
10923,67,140.0000,24,2.00000003e-01
10924,10,310.0000,20,1.00000001e-01
10924,28,456.0000,30,1.00000001e-01
10924,75,77.5000,6,0.00000000e+00
10925,36,190.0000,25,1.50000006e-01
10925,52,70.0000,12,1.50000006e-01
10926,11,210.0000,2,0.00000000e+00
10926,13,60.0000,10,0.00000000e+00
10926,19,92.0000,7,0.00000000e+00
10926,72,348.0000,10,0.00000000e+00
10927,20,810.0000,5,0.00000000e+00
10927,52,70.0000,5,0.00000000e+00
10927,76,180.0000,20,0.00000000e+00
10928,47,95.0000,5,0.00000000e+00
10928,76,180.0000,5,0.00000000e+00
10929,21,100.0000,60,0.00000000e+00
10929,75,77.5000,49,0.00000000e+00
10929,77,130.0000,15,0.00000000e+00
10930,21,100.0000,36,0.00000000e+00
10930,27,439.0000,25,0.00000000e+00
10930,55,240.0000,25,2.00000003e-01
10930,58,132.5000,30,2.00000003e-01
10931,13,60.0000,42,1.50000006e-01
10931,57,195.0000,30,0.00000000e+00
10932,16,174.5000,30,1.00000001e-01
10932,62,493.0000,14,1.00000001e-01
10932,72,348.0000,16,0.00000000e+00
10932,75,77.5000,20,1.00000001e-01
10933,53,328.0000,2,0.00000000e+00
10933,61,285.0000,30,0.00000000e+00
10934,6,250.0000,20,0.00000000e+00
10935,1,180.0000,21,0.00000000e+00
10935,18,625.0000,4,2.50000000e-01
10935,23,90.0000,8,2.50000000e-01
10936,36,190.0000,30,2.00000003e-01
10937,28,456.0000,8,0.00000000e+00
10937,34,140.0000,20,0.00000000e+00
10938,13,60.0000,20,2.50000000e-01
10938,43,460.0000,24,2.50000000e-01
10938,60,340.0000,49,2.50000000e-01
10938,71,215.0000,35,2.50000000e-01
10939,2,190.0000,10,1.50000006e-01
10939,67,140.0000,40,1.50000006e-01
10940,7,300.0000,8,0.00000000e+00
10940,13,60.0000,20,0.00000000e+00
10941,31,125.0000,44,2.50000000e-01
10941,62,493.0000,30,2.50000000e-01
10941,68,125.0000,80,2.50000000e-01
10941,72,348.0000,50,0.00000000e+00
10942,49,200.0000,28,0.00000000e+00
10943,13,60.0000,15,0.00000000e+00
10943,22,210.0000,21,0.00000000e+00
10943,46,120.0000,15,0.00000000e+00
10944,11,210.0000,5,2.50000000e-01
10944,44,194.5000,18,2.50000000e-01
10944,56,380.0000,18,0.00000000e+00
10945,13,60.0000,20,0.00000000e+00
10945,31,125.0000,10,0.00000000e+00
10946,10,310.0000,25,0.00000000e+00
10946,24,45.0000,25,0.00000000e+00
10946,77,130.0000,40,0.00000000e+00
10947,59,550.0000,4,0.00000000e+00
10948,50,162.5000,9,0.00000000e+00
10948,51,530.0000,40,0.00000000e+00
10948,55,240.0000,4,0.00000000e+00
10949,6,250.0000,12,0.00000000e+00
10949,10,310.0000,30,0.00000000e+00
10949,17,390.0000,6,0.00000000e+00
10949,62,493.0000,60,0.00000000e+00
10950,4,220.0000,5,0.00000000e+00
10951,33,25.0000,15,5.00000007e-02
10951,41,96.5000,6,5.00000007e-02
10951,75,77.5000,50,5.00000007e-02
10952,6,250.0000,16,5.00000007e-02
10952,28,456.0000,2,0.00000000e+00
10953,20,810.0000,50,5.00000007e-02
10953,31,125.0000,50,5.00000007e-02
10954,16,174.5000,28,1.50000006e-01
10954,31,125.0000,25,1.50000006e-01
10954,45,95.0000,30,0.00000000e+00
10954,60,340.0000,24,1.50000006e-01
10955,75,77.5000,12,2.00000003e-01
10956,21,100.0000,12,0.00000000e+00
10956,47,95.0000,14,0.00000000e+00
10956,51,530.0000,8,0.00000000e+00
10957,30,258.9000,30,0.00000000e+00
10957,35,180.0000,40,0.00000000e+00
10957,64,332.5000,8,0.00000000e+00
10958,5,213.5000,20,0.00000000e+00
10958,7,300.0000,6,0.00000000e+00
10958,72,348.0000,5,0.00000000e+00
10959,75,77.5000,20,1.50000006e-01
10960,24,45.0000,10,2.50000000e-01
10960,41,96.5000,24,0.00000000e+00
10961,52,70.0000,6,5.00000007e-02
10961,76,180.0000,60,0.00000000e+00
10962,7,300.0000,45,0.00000000e+00
10962,13,60.0000,77,0.00000000e+00
10962,53,328.0000,20,0.00000000e+00
10962,69,360.0000,9,0.00000000e+00
10962,76,180.0000,44,0.00000000e+00
10963,60,340.0000,2,1.50000006e-01
10964,18,625.0000,6,0.00000000e+00
10964,38,2635.0000,5,0.00000000e+00
10964,69,360.0000,10,0.00000000e+00
10965,51,530.0000,16,0.00000000e+00
10966,37,260.0000,8,0.00000000e+00
10966,56,380.0000,12,1.50000006e-01
10966,62,493.0000,12,1.50000006e-01
10967,19,92.0000,12,0.00000000e+00
10967,49,200.0000,40,0.00000000e+00
10968,12,380.0000,30,0.00000000e+00
10968,24,45.0000,30,0.00000000e+00
10968,64,332.5000,4,0.00000000e+00
10969,46,120.0000,9,0.00000000e+00
10970,52,70.0000,40,2.00000003e-01
10971,29,1237.9000,14,0.00000000e+00
10972,17,390.0000,6,0.00000000e+00
10972,33,25.0000,7,0.00000000e+00
10973,26,312.3000,5,0.00000000e+00
10973,41,96.5000,6,0.00000000e+00
10973,75,77.5000,10,0.00000000e+00
10974,63,439.0000,10,0.00000000e+00
10975,8,400.0000,16,0.00000000e+00
10975,75,77.5000,10,0.00000000e+00
10976,28,456.0000,20,0.00000000e+00
10977,39,180.0000,30,0.00000000e+00
10977,47,95.0000,30,0.00000000e+00
10977,51,530.0000,10,0.00000000e+00
10977,63,439.0000,20,0.00000000e+00
10978,8,400.0000,20,1.50000006e-01
10978,21,100.0000,40,1.50000006e-01
10978,40,184.0000,10,0.00000000e+00
10978,44,194.5000,6,1.50000006e-01
10979,7,300.0000,18,0.00000000e+00
10979,12,380.0000,20,0.00000000e+00
10979,24,45.0000,80,0.00000000e+00
10979,27,439.0000,30,0.00000000e+00
10979,31,125.0000,24,0.00000000e+00
10979,63,439.0000,35,0.00000000e+00
10980,75,77.5000,40,2.00000003e-01
10981,38,2635.0000,60,0.00000000e+00
10982,7,300.0000,20,0.00000000e+00
10982,43,460.0000,9,0.00000000e+00
10983,13,60.0000,84,1.50000006e-01
10983,57,195.0000,15,0.00000000e+00
10984,16,174.5000,55,0.00000000e+00
10984,24,45.0000,20,0.00000000e+00
10984,36,190.0000,40,0.00000000e+00
10985,16,174.5000,36,1.00000001e-01
10985,18,625.0000,8,1.00000001e-01
10985,32,320.0000,35,1.00000001e-01
10986,11,210.0000,30,0.00000000e+00
10986,20,810.0000,15,0.00000000e+00
10986,76,180.0000,10,0.00000000e+00
10986,77,130.0000,15,0.00000000e+00
10987,7,300.0000,60,0.00000000e+00
10987,43,460.0000,6,0.00000000e+00
10987,72,348.0000,20,0.00000000e+00
10988,7,300.0000,60,0.00000000e+00
10988,62,493.0000,40,1.00000001e-01
10989,6,250.0000,40,0.00000000e+00
10989,11,210.0000,15,0.00000000e+00
10989,41,96.5000,4,0.00000000e+00
10990,21,100.0000,65,0.00000000e+00
10990,34,140.0000,60,1.50000006e-01
10990,55,240.0000,65,1.50000006e-01
10990,61,285.0000,66,1.50000006e-01
10991,2,190.0000,50,2.00000003e-01
10991,70,150.0000,20,2.00000003e-01
10991,76,180.0000,90,2.00000003e-01
10992,72,348.0000,2,0.00000000e+00
10993,29,1237.9000,50,2.50000000e-01
10993,41,96.5000,35,2.50000000e-01
10994,59,550.0000,18,5.00000007e-02
10995,51,530.0000,20,0.00000000e+00
10995,60,340.0000,4,0.00000000e+00
10996,42,140.0000,40,0.00000000e+00
10997,32,320.0000,50,0.00000000e+00
10997,46,120.0000,20,2.50000000e-01
10997,52,70.0000,20,2.50000000e-01
10998,24,45.0000,12,0.00000000e+00
10998,61,285.0000,7,0.00000000e+00
10998,74,100.0000,20,0.00000000e+00
10998,75,77.5000,30,0.00000000e+00
10999,41,96.5000,20,5.00000007e-02
10999,51,530.0000,15,5.00000007e-02
10999,77,130.0000,21,5.00000007e-02
11000,4,220.0000,25,2.50000000e-01
11000,24,45.0000,30,2.50000000e-01
11000,77,130.0000,30,0.00000000e+00
11001,7,300.0000,60,0.00000000e+00
11001,22,210.0000,25,0.00000000e+00
11001,46,120.0000,25,0.00000000e+00
11001,55,240.0000,6,0.00000000e+00
11002,13,60.0000,56,0.00000000e+00
11002,35,180.0000,15,1.50000006e-01
11002,42,140.0000,24,1.50000006e-01
11002,55,240.0000,40,0.00000000e+00
11003,1,180.0000,4,0.00000000e+00
11003,40,184.0000,10,0.00000000e+00
11003,52,70.0000,10,0.00000000e+00
11004,26,312.3000,6,0.00000000e+00
11004,76,180.0000,6,0.00000000e+00
11005,1,180.0000,2,0.00000000e+00
11005,59,550.0000,10,0.00000000e+00
11006,1,180.0000,8,0.00000000e+00
11006,29,1237.9000,2,2.50000000e-01
11007,8,400.0000,30,0.00000000e+00
11007,29,1237.9000,10,0.00000000e+00
11007,42,140.0000,14,0.00000000e+00
11008,28,456.0000,70,5.00000007e-02
11008,34,140.0000,90,5.00000007e-02
11008,71,215.0000,21,0.00000000e+00
11009,24,45.0000,12,0.00000000e+00
11009,36,190.0000,18,2.50000000e-01
11009,60,340.0000,9,0.00000000e+00
11010,7,300.0000,20,0.00000000e+00
11010,24,45.0000,10,0.00000000e+00
11011,58,132.5000,40,5.00000007e-02
11011,71,215.0000,20,0.00000000e+00
11012,19,92.0000,50,5.00000007e-02
11012,60,340.0000,36,5.00000007e-02
11012,71,215.0000,60,5.00000007e-02
11013,23,90.0000,10,0.00000000e+00
11013,42,140.0000,4,0.00000000e+00
11013,45,95.0000,20,0.00000000e+00
11013,68,125.0000,2,0.00000000e+00
11014,41,96.5000,28,1.00000001e-01
11015,30,258.9000,15,0.00000000e+00
11015,77,130.0000,18,0.00000000e+00
11016,31,125.0000,15,0.00000000e+00
11016,36,190.0000,16,0.00000000e+00
11017,3,100.0000,25,0.00000000e+00
11017,59,550.0000,110,0.00000000e+00
11017,70,150.0000,30,0.00000000e+00
11018,12,380.0000,20,0.00000000e+00
11018,18,625.0000,10,0.00000000e+00
11018,56,380.0000,5,0.00000000e+00
11019,46,120.0000,3,0.00000000e+00
11019,49,200.0000,2,0.00000000e+00
11020,10,310.0000,24,1.50000006e-01
11021,2,190.0000,11,2.50000000e-01
11021,20,810.0000,15,0.00000000e+00
11021,26,312.3000,63,0.00000000e+00
11021,51,530.0000,44,2.50000000e-01
11021,72,348.0000,35,0.00000000e+00
11022,19,92.0000,35,0.00000000e+00
11022,69,360.0000,30,0.00000000e+00
11023,7,300.0000,4,0.00000000e+00
11023,43,460.0000,30,0.00000000e+00
11024,26,312.3000,12,0.00000000e+00
11024,33,25.0000,30,0.00000000e+00
11024,65,210.5000,21,0.00000000e+00
11024,71,215.0000,50,0.00000000e+00
11025,1,180.0000,10,1.00000001e-01
11025,13,60.0000,20,1.00000001e-01
11026,18,625.0000,8,0.00000000e+00
11026,51,530.0000,10,0.00000000e+00
11027,24,45.0000,30,2.50000000e-01
11027,62,493.0000,21,2.50000000e-01
11028,55,240.0000,35,0.00000000e+00
11028,59,550.0000,24,0.00000000e+00
11029,56,380.0000,20,0.00000000e+00
11029,63,439.0000,12,0.00000000e+00
11030,2,190.0000,100,2.50000000e-01
11030,5,213.5000,70,0.00000000e+00
11030,29,1237.9000,60,2.50000000e-01
11030,59,550.0000,100,2.50000000e-01
11031,1,180.0000,45,0.00000000e+00
11031,13,60.0000,80,0.00000000e+00
11031,24,45.0000,21,0.00000000e+00
11031,64,332.5000,20,0.00000000e+00
11031,71,215.0000,16,0.00000000e+00
11032,36,190.0000,35,0.00000000e+00
11032,38,2635.0000,25,0.00000000e+00
11032,59,550.0000,30,0.00000000e+00
11033,53,328.0000,70,1.00000001e-01
11033,69,360.0000,36,1.00000001e-01
11034,21,100.0000,15,1.00000001e-01
11034,44,194.5000,12,0.00000000e+00
11034,61,285.0000,6,0.00000000e+00
11035,1,180.0000,10,0.00000000e+00
11035,35,180.0000,60,0.00000000e+00
11035,42,140.0000,30,0.00000000e+00
11035,54,74.5000,10,0.00000000e+00
11036,13,60.0000,7,0.00000000e+00
11036,59,550.0000,30,0.00000000e+00
11037,70,150.0000,4,0.00000000e+00
11038,40,184.0000,5,2.00000003e-01
11038,52,70.0000,2,0.00000000e+00
11038,71,215.0000,30,0.00000000e+00
11039,28,456.0000,20,0.00000000e+00
11039,35,180.0000,24,0.00000000e+00
11039,49,200.0000,60,0.00000000e+00
11039,57,195.0000,28,0.00000000e+00
11040,21,100.0000,20,0.00000000e+00
11041,2,190.0000,30,2.00000003e-01
11041,63,439.0000,30,0.00000000e+00
11042,44,194.5000,15,0.00000000e+00
11042,61,285.0000,4,0.00000000e+00
11043,11,210.0000,10,0.00000000e+00
11044,62,493.0000,12,0.00000000e+00
11045,33,25.0000,15,0.00000000e+00
11045,51,530.0000,24,0.00000000e+00
11046,12,380.0000,20,5.00000007e-02
11046,32,320.0000,15,5.00000007e-02
11046,35,180.0000,18,5.00000007e-02
11047,1,180.0000,25,2.50000000e-01
11047,5,213.5000,30,2.50000000e-01
11048,68,125.0000,42,0.00000000e+00
11049,2,190.0000,10,2.00000003e-01
11049,12,380.0000,4,2.00000003e-01
11050,76,180.0000,50,1.00000001e-01
11051,24,45.0000,10,2.00000003e-01
11052,43,460.0000,30,2.00000003e-01
11052,61,285.0000,10,2.00000003e-01
11053,18,625.0000,35,2.00000003e-01
11053,32,320.0000,20,0.00000000e+00
11053,64,332.5000,25,2.00000003e-01
11054,33,25.0000,10,0.00000000e+00
11054,67,140.0000,20,0.00000000e+00
11055,24,45.0000,15,0.00000000e+00
11055,25,140.0000,15,0.00000000e+00
11055,51,530.0000,20,0.00000000e+00
11055,57,195.0000,20,0.00000000e+00
11056,7,300.0000,40,0.00000000e+00
11056,55,240.0000,35,0.00000000e+00
11056,60,340.0000,50,0.00000000e+00
11057,70,150.0000,3,0.00000000e+00
11058,21,100.0000,3,0.00000000e+00
11058,60,340.0000,21,0.00000000e+00
11058,61,285.0000,4,0.00000000e+00
11059,13,60.0000,30,0.00000000e+00
11059,17,390.0000,12,0.00000000e+00
11059,60,340.0000,35,0.00000000e+00
11060,60,340.0000,4,0.00000000e+00
11060,77,130.0000,10,0.00000000e+00
11061,60,340.0000,15,0.00000000e+00
11062,53,328.0000,10,2.00000003e-01
11062,70,150.0000,12,2.00000003e-01
11063,34,140.0000,30,0.00000000e+00
11063,40,184.0000,40,1.00000001e-01
11063,41,96.5000,30,1.00000001e-01
11064,17,390.0000,77,1.00000001e-01
11064,41,96.5000,12,0.00000000e+00
11064,53,328.0000,25,1.00000001e-01
11064,55,240.0000,4,1.00000001e-01
11064,68,125.0000,55,0.00000000e+00
11065,30,258.9000,4,2.50000000e-01
11065,54,74.5000,20,2.50000000e-01
11066,16,174.5000,3,0.00000000e+00
11066,19,92.0000,42,0.00000000e+00
11066,34,140.0000,35,0.00000000e+00
11067,41,96.5000,9,0.00000000e+00
11068,28,456.0000,8,1.50000006e-01
11068,43,460.0000,36,1.50000006e-01
11068,77,130.0000,28,1.50000006e-01
11069,39,180.0000,20,0.00000000e+00
11070,1,180.0000,40,1.50000006e-01
11070,2,190.0000,20,1.50000006e-01
11070,16,174.5000,30,1.50000006e-01
11070,31,125.0000,20,0.00000000e+00
11071,7,300.0000,15,5.00000007e-02
11071,13,60.0000,10,5.00000007e-02
11072,2,190.0000,8,0.00000000e+00
11072,41,96.5000,40,0.00000000e+00
11072,50,162.5000,22,0.00000000e+00
11072,64,332.5000,130,0.00000000e+00
11073,11,210.0000,10,0.00000000e+00
11073,24,45.0000,20,0.00000000e+00
11074,16,174.5000,14,5.00000007e-02
11075,2,190.0000,10,1.50000006e-01
11075,46,120.0000,30,1.50000006e-01
11075,76,180.0000,2,1.50000006e-01
11076,6,250.0000,20,2.50000000e-01
11076,14,232.5000,20,2.50000000e-01
11076,19,92.0000,10,2.50000000e-01
11077,2,190.0000,24,2.00000003e-01
11077,3,100.0000,4,0.00000000e+00
11077,4,220.0000,1,0.00000000e+00
11077,6,250.0000,1,1.99999996e-02
11077,7,300.0000,1,5.00000007e-02
11077,8,400.0000,2,1.00000001e-01
11077,10,310.0000,1,0.00000000e+00
11077,12,380.0000,2,5.00000007e-02
11077,13,60.0000,4,0.00000000e+00
11077,14,232.5000,1,2.99999993e-02
11077,16,174.5000,2,2.99999993e-02
11077,20,810.0000,1,3.99999991e-02
11077,23,90.0000,2,0.00000000e+00
11077,32,320.0000,1,0.00000000e+00
11077,39,180.0000,2,5.00000007e-02
11077,41,96.5000,3,0.00000000e+00
11077,46,120.0000,3,1.99999996e-02
11077,52,70.0000,2,0.00000000e+00
11077,55,240.0000,2,0.00000000e+00
11077,60,340.0000,2,5.99999987e-02
11077,64,332.5000,2,2.99999993e-02
11077,66,170.0000,1,0.00000000e+00
11077,73,150.0000,2,9.99999978e-03
11077,75,77.5000,4,0.00000000e+00
11077,77,130.0000,2,0.00000000e+00
